-- phpMyAdmin SQL Dump
-- version 4.9.1
-- https://www.phpmyadmin.net/
--
-- Servidor: localhost
-- Tiempo de generación: 24-04-2025 a las 15:31:13
-- Versión del servidor: 8.0.17
-- Versión de PHP: 7.3.10

SET SQL_MODE = "NO_AUTO_VALUE_ON_ZERO";
SET AUTOCOMMIT = 0;
START TRANSACTION;
SET time_zone = "+00:00";


/*!40101 SET @OLD_CHARACTER_SET_CLIENT=@@CHARACTER_SET_CLIENT */;
/*!40101 SET @OLD_CHARACTER_SET_RESULTS=@@CHARACTER_SET_RESULTS */;
/*!40101 SET @OLD_COLLATION_CONNECTION=@@COLLATION_CONNECTION */;
/*!40101 SET NAMES utf8mb4 */;

--
-- Base de datos: `esp32_report`
--

-- --------------------------------------------------------

--
-- Estructura de tabla para la tabla `cierres_expendedoras`
--

CREATE TABLE `cierres_expendedoras` (
  `id_expendedora` varchar(50) NOT NULL,
  `fichas` int(11) DEFAULT NULL,
  `dinero` int(11) DEFAULT NULL,
  `p1` int(11) DEFAULT NULL,
  `p2` int(11) DEFAULT NULL,
  `p3` int(11) DEFAULT NULL,
  `timestamp` datetime NOT NULL DEFAULT CURRENT_TIMESTAMP ON UPDATE CURRENT_TIMESTAMP
) ENGINE=InnoDB DEFAULT CHARSET=utf8mb4 COLLATE=utf8mb4_0900_ai_ci;

--
-- Volcado de datos para la tabla `cierres_expendedoras`
--

INSERT INTO `cierres_expendedoras` (`id_expendedora`, `fichas`, `dinero`, `p1`, `p2`, `p3`) VALUES
('EXPENDEDORA_1', 0, 0, 0, 0, 0),
('EXPENDEDORA_1', 0, 0, 0, 0, 0),
('EXPENDEDORA_1', 0, 0, 0, 0, 0),
('EXPENDEDORA_1', 0, 0, 0, 0, 0),
('EXPENDEDORA_1', 5, 2000, 1, 0, 0);

-- --------------------------------------------------------

--
-- Estructura de tabla para la tabla `daily_closes`
--

CREATE TABLE `daily_closes` (
  `id` int(11) NOT NULL,
  `close_date` date NOT NULL
) ENGINE=InnoDB DEFAULT CHARSET=utf8mb4 COLLATE=utf8mb4_0900_ai_ci;

-- --------------------------------------------------------

--
-- Estructura de tabla para la tabla `datos`
--

CREATE TABLE `datos` (
  `id` int(11) NOT NULL,
  `device_id` varchar(50) NOT NULL,
  `dato1` int(11) DEFAULT NULL,
  `dato2` int(11) DEFAULT NULL,
  `dato3` int(11) DEFAULT NULL,
  `dato4` int(11) NOT NULL,
  `dato5` int(255) DEFAULT NULL,
  `timestamp` timestamp NULL DEFAULT CURRENT_TIMESTAMP
) ENGINE=InnoDB DEFAULT CHARSET=utf8mb4 COLLATE=utf8mb4_0900_ai_ci;

--
-- Volcado de datos para la tabla `datos`
--

INSERT INTO `datos` (`id`, `device_id`, `dato1`, `dato2`, `dato3`, `dato4`, `dato5`, `timestamp`) VALUES
(1846, 'ESP32_001', 479, 479, 235, -118, 0, '2024-10-04 00:47:05'),
(1847, 'ESP32_001', 479, 479, 235, -118, 0, '2024-10-04 00:52:56'),
(1848, 'ESP32_001', 481, 481, 236, -116, 0, '2024-10-04 00:53:40'),
(1849, 'ESP32_001', 33, 33, 3, 3, 3, '2024-11-08 19:18:43'),
(1850, 'Ticket_1', 33, 23, 1, 123, 3, '2024-11-14 19:43:38'),
(1851, 'ESP32_004', NULL, NULL, NULL, -11, NULL, '2024-11-14 23:19:41'),
(1852, 'ESP32_001', NULL, NULL, NULL, -11, NULL, '2024-11-14 23:21:01'),
(1853, 'EXPENDEDORA_1', 0, 13, 0, 0, 0, '2025-02-22 00:22:31'),
(1854, 'EXPENDEDORA_1', 0, 13, 0, 0, 0, '2025-02-22 00:29:26'),
(1855, 'EXPENDEDORA_1', 0, 13, 0, 0, 0, '2025-02-22 00:32:46'),
(1856, 'EXPENDEDORA_1', 0, 13, 0, 0, 0, '2025-02-22 00:34:21'),
(1857, 'EXPENDEDORA_1', 0, 13, 0, 0, 0, '2025-02-22 11:22:10'),
(1858, 'EXPENDEDORA_1', NULL, 100, NULL, 0, 500000, '2025-03-06 13:28:16'),
(1859, 'EXPENDEDORA_1', 100, 500000, NULL, 0, NULL, '2025-03-06 13:47:50'),
(2515, 'ESP32_001', 19, 19, 16, 5, 0, '2024-10-27 04:32:59'),
(2516, 'ESP32_001', 20, 20, 16, 6, 0, '2024-10-27 04:34:18'),
(2517, 'ESP32_001', 21, 21, 16, 7, 0, '2024-10-27 04:34:29'),
(2518, 'ESP32_001', 22, 22, 16, 8, 0, '2024-10-27 04:34:45'),
(2519, 'ESP32_001', 22, 22, 16, 8, 0, '2024-10-27 04:41:23'),
(2520, 'ESP32_001', 22, 22, 16, 8, 0, '2024-10-27 23:15:49'),
(2521, 'ESP32_001', 23, 23, 16, 9, 0, '2024-10-27 23:49:44'),
(2522, 'ESP32_001', 24, 24, 16, 10, 0, '2024-10-28 00:12:13'),
(2523, 'ESP32_001', 25, 25, 16, 11, 0, '2024-10-28 01:39:19'),
(2524, 'ESP32_001', 26, 26, 16, 12, 0, '2024-10-28 01:39:47'),
(2525, 'ESP32_001', 27, 27, 16, 13, 0, '2024-10-28 03:23:25'),
(2526, 'ESP32_001', 28, 28, 16, 14, 0, '2024-10-28 03:35:59'),
(2527, 'ESP32_001', 29, 29, 16, 15, 0, '2024-10-28 04:10:15'),
(2528, 'ESP32_001', 29, 29, 16, 15, 0, '2024-10-28 15:34:56'),
(2529, 'ESP32_001', 30, 30, 16, 16, 0, '2024-10-28 19:36:20'),
(2530, 'ESP32_001', 31, 31, 16, 17, 0, '2024-10-28 19:41:53'),
(2531, 'ESP32_001', 32, 32, 16, 18, 0, '2024-10-28 19:42:14'),
(2532, 'ESP32_001', 33, 33, 16, 19, 0, '2024-10-28 19:42:38'),
(2533, 'ESP32_001', 34, 34, 16, 20, 0, '2024-10-28 19:52:23'),
(2534, 'ESP32_001', 35, 35, 16, 21, 0, '2024-10-29 02:45:13'),
(2535, 'ESP32_001', 36, 36, 16, 22, 0, '2024-10-29 02:45:53'),
(2536, 'ESP32_001', 37, 37, 16, 23, 0, '2024-10-29 02:47:08'),
(2537, 'ESP32_001', 38, 38, 16, 24, 0, '2024-10-29 02:47:33'),
(2538, 'ESP32_001', 39, 39, 17, 0, 0, '2024-10-29 02:48:13'),
(2539, 'ESP32_001', 40, 40, 17, 1, 0, '2024-10-29 02:48:59'),
(2540, 'ESP32_001', 41, 41, 17, 2, 0, '2024-10-29 02:50:05'),
(2541, 'ESP32_001', 42, 42, 17, 3, 0, '2024-10-29 02:53:31'),
(2542, 'ESP32_001', 43, 43, 17, 4, 0, '2024-10-29 02:53:49'),
(2543, 'ESP32_001', 44, 44, 17, 5, 0, '2024-10-29 02:55:41'),
(2544, 'ESP32_001', 44, 44, 17, 5, 0, '2024-10-29 16:04:24'),
(2545, 'ESP32_001', 45, 45, 17, 6, 0, '2024-10-30 00:08:37'),
(2546, 'ESP32_001', 46, 46, 17, 7, 0, '2024-10-30 01:06:20'),
(2547, 'ESP32_001', 47, 47, 17, 8, 0, '2024-10-30 02:49:11'),
(2548, 'ESP32_001', 48, 48, 17, 9, 0, '2024-10-30 02:51:38'),
(2549, 'ESP32_001', 49, 49, 17, 10, 0, '2024-10-30 02:52:06'),
(2550, 'ESP32_001', 50, 50, 17, 11, 0, '2024-10-30 02:52:37'),
(2551, 'ESP32_001', 51, 51, 17, 12, 0, '2024-10-30 02:54:03'),
(2552, 'ESP32_001', 52, 52, 17, 13, 0, '2024-10-30 02:54:46'),
(2553, 'ESP32_001', 52, 52, 18, -12, 0, '2024-10-30 02:55:59'),
(2554, 'ESP32_001', 53, 53, 18, -11, 0, '2024-10-30 02:58:20'),
(2555, 'ESP32_001', 54, 54, 18, -10, 0, '2024-10-30 02:58:54'),
(2556, 'ESP32_001', 55, 55, 18, -9, 0, '2024-10-30 03:06:49'),
(2557, 'ESP32_001', 56, 56, 18, -8, 0, '2024-10-30 15:32:57'),
(2558, 'ESP32_001', 57, 57, 18, -7, 0, '2024-10-31 03:13:10'),
(2559, 'ESP32_001', 58, 58, 18, -6, 0, '2024-10-31 03:17:57'),
(2560, 'ESP32_001', 59, 59, 18, -5, 0, '2024-10-31 03:18:21'),
(2561, 'ESP32_001', 60, 60, 18, -4, 0, '2024-10-31 03:43:08'),
(2562, 'ESP32_001', 60, 60, 18, -4, 0, '2024-10-31 15:53:35'),
(2563, 'ESP32_001', 61, 61, 18, -3, 0, '2024-10-31 16:22:00'),
(2564, 'ESP32_001', 62, 62, 18, -2, 0, '2024-10-31 16:22:24'),
(2565, 'ESP32_001', 63, 63, 18, -1, 0, '2024-10-31 16:24:21'),
(2566, 'ESP32_001', 64, 64, 18, 0, 0, '2024-10-31 17:52:30'),
(2567, 'ESP32_001', 65, 65, 18, 1, 0, '2024-10-31 17:53:13'),
(2568, 'ESP32_001', 66, 66, 18, 2, 0, '2024-10-31 18:24:15'),
(2569, 'ESP32_001', 67, 67, 18, 3, 0, '2024-10-31 18:24:56'),
(2570, 'ESP32_001', 68, 68, 18, 4, 0, '2024-11-01 01:23:02'),
(2571, 'ESP32_001', 69, 69, 18, 5, 0, '2024-11-01 01:45:38'),
(2572, 'ESP32_001', 70, 70, 18, 6, 0, '2024-11-01 02:45:17'),
(2573, 'ESP32_001', 70, 70, 18, 6, 0, '2024-11-01 16:04:37'),
(2574, 'ESP32_001', 70, 70, 18, 6, 0, '2024-11-01 16:30:38'),
(2575, 'ESP32_001', 71, 71, 18, 7, 0, '2024-11-01 16:31:19'),
(2576, 'ESP32_001', 71, 71, 18, 7, 0, '2024-11-05 20:47:22'),
(2577, 'ESP32_001', 72, 72, 18, 8, 0, '2024-11-05 20:48:52'),
(2578, 'ESP32_001', 73, 73, 18, 9, 0, '2024-11-05 20:49:23'),
(2579, 'ESP32_001', 74, 74, 18, 10, 0, '2024-11-05 20:50:44'),
(2580, 'ESP32_001', 75, 75, 18, 11, 0, '2024-11-05 20:53:53'),
(2581, 'ESP32_001', 77, 77, 18, 13, 0, '2024-11-06 00:39:59'),
(2582, 'ESP32_001', 78, 78, 18, 14, 0, '2024-11-06 00:44:04'),
(2583, 'ESP32_001', 81, 81, 19, -8, 0, '2024-11-06 03:54:52'),
(2584, 'ESP32_001', 81, 81, 19, -8, 0, '2024-11-06 03:58:33'),
(2585, 'ESP32_001', 81, 81, 19, -8, 0, '2024-11-06 15:59:28'),
(2586, 'ESP32_001', 82, 82, 19, -7, 0, '2024-11-06 19:49:19'),
(2587, 'ESP32_001', 83, 83, 19, -6, 0, '2024-11-06 19:49:39'),
(2588, 'ESP32_001', 84, 84, 19, -5, 0, '2024-11-06 19:51:40'),
(2589, 'ESP32_001', 85, 85, 19, -4, 0, '2024-11-06 19:52:07'),
(2590, 'ESP32_001', 86, 86, 19, -3, 0, '2024-11-06 19:52:32'),
(2591, 'ESP32_001', 87, 87, 19, -2, 0, '2024-11-06 19:52:58'),
(2592, 'ESP32_001', 88, 88, 19, -1, 0, '2024-11-06 19:53:20'),
(2593, 'ESP32_001', 89, 89, 19, 0, 0, '2024-11-06 19:53:48'),
(2594, 'ESP32_001', 90, 90, 19, 1, 0, '2024-11-06 19:54:11'),
(2595, 'ESP32_001', 91, 91, 19, 2, 0, '2024-11-06 19:54:38'),
(2596, 'ESP32_001', 92, 92, 19, 3, 0, '2024-11-06 19:55:02'),
(2597, 'ESP32_001', 93, 93, 19, 4, 0, '2024-11-06 19:55:15'),
(2598, 'ESP32_001', 94, 94, 19, 5, 0, '2024-11-06 19:55:40'),
(2599, 'ESP32_001', 95, 95, 19, 6, 0, '2024-11-06 19:56:04'),
(2600, 'ESP32_001', 96, 96, 19, 7, 0, '2024-11-06 19:57:51'),
(2601, 'ESP32_001', 98, 98, 19, 9, 0, '2024-11-06 19:59:41'),
(2602, 'ESP32_001', 99, 99, 19, 10, 0, '2024-11-06 20:00:15'),
(2603, 'ESP32_001', 100, 100, 19, 11, 0, '2024-11-06 20:00:51'),
(2604, 'ESP32_001', 101, 101, 19, 12, 0, '2024-11-06 20:01:09'),
(2605, 'ESP32_001', 102, 102, 19, 13, 0, '2024-11-06 20:01:39'),
(2606, 'ESP32_001', 103, 103, 19, 14, 0, '2024-11-06 20:01:58'),
(2607, 'ESP32_001', 104, 104, 19, 15, 0, '2024-11-06 20:02:24'),
(2608, 'ESP32_001', 105, 105, 19, 16, 0, '2024-11-06 20:02:42'),
(2609, 'ESP32_001', 106, 106, 19, 17, 0, '2024-11-07 01:31:49'),
(2610, 'ESP32_001', 107, 107, 19, 18, 0, '2024-11-07 01:42:10'),
(2611, 'ESP32_001', 108, 108, 19, 19, 0, '2024-11-07 01:50:53'),
(2612, 'ESP32_001', 109, 109, 19, 20, 0, '2024-11-07 01:52:55'),
(2613, 'ESP32_001', 110, 110, 19, 21, 0, '2024-11-07 01:53:13'),
(2614, 'ESP32_001', 114, 114, 19, 25, 0, '2024-11-07 02:22:15'),
(2615, 'ESP32_001', 115, 115, 19, 26, 0, '2024-11-07 03:21:20'),
(2616, 'ESP32_001', 117, 117, 19, 28, 0, '2024-11-07 03:33:19'),
(2617, 'ESP32_001', 117, 117, 19, 28, 0, '2024-11-07 15:52:26'),
(2618, 'ESP32_001', 118, 118, 20, 4, 0, '2024-11-07 20:46:26'),
(2619, 'ESP32_001', 119, 119, 20, 5, 0, '2024-11-08 01:40:39'),
(2620, 'ESP32_001', 120, 120, 20, 6, 0, '2024-11-08 01:43:27'),
(2621, 'ESP32_001', 121, 121, 20, 7, 0, '2024-11-08 02:09:38'),
(2622, 'ESP32_001', 122, 122, 20, 8, 0, '2024-11-08 02:10:06'),
(2623, 'ESP32_001', 123, 123, 20, 9, 0, '2024-11-08 02:12:53'),
(2624, 'ESP32_001', 124, 124, 20, 10, 0, '2024-11-08 02:13:15'),
(2625, 'ESP32_001', 125, 125, 20, 11, 0, '2024-11-08 02:13:49'),
(2626, 'ESP32_001', 126, 126, 20, 12, 0, '2024-11-08 02:43:16'),
(2627, 'ESP32_001', 127, 127, 20, 13, 0, '2024-11-08 02:56:57'),
(2628, 'ESP32_001', 128, 128, 20, 14, 0, '2024-11-08 02:57:36'),
(2629, 'ESP32_001', 128, 128, 20, 14, 0, '2024-11-08 16:09:22'),
(2630, 'ESP32_001', 129, 129, 20, 15, 0, '2024-11-08 17:26:53'),
(2631, 'ESP32_001', 130, 130, 20, 16, 0, '2024-11-08 17:27:27'),
(2632, 'ESP32_001', 131, 131, 20, 17, 0, '2024-11-08 17:31:12'),
(2633, 'ESP32_001', 132, 132, 20, 18, 0, '2024-11-08 17:31:35'),
(2634, 'ESP32_001', 133, 133, 20, 19, 0, '2024-11-08 17:33:53'),
(2635, 'ESP32_001', 134, 134, 20, 20, 0, '2024-11-08 17:34:17'),
(2636, 'ESP32_001', 135, 135, 20, 21, 0, '2024-11-08 17:36:40'),
(2637, 'ESP32_001', 136, 136, 20, 22, 0, '2024-11-08 18:41:14'),
(2638, 'ESP32_002', 1, 1, 0, 1, 0, '2024-11-08 22:03:54'),
(2639, 'ESP32_002', 2, 2, 1, -10, 0, '2024-11-08 22:04:19'),
(2640, 'ESP32_001', 137, 137, 20, 23, 0, '2024-11-08 23:25:51'),
(2641, 'ESP32_001', 138, 138, 20, 24, 0, '2024-11-09 01:52:26'),
(2642, 'ESP32_001', 139, 139, 20, 25, 0, '2024-11-09 01:54:13'),
(2643, 'ESP32_001', 141, 141, 20, 27, 0, '2024-11-09 03:06:40'),
(2644, 'ESP32_001', 142, 142, 20, 28, 0, '2024-11-09 03:07:01'),
(2645, 'ESP32_001', 143, 143, 20, 29, 0, '2024-11-09 03:07:28'),
(2646, 'ESP32_001', 144, 144, 20, 30, 0, '2024-11-09 03:55:55'),
(2647, 'ESP32_001', 145, 145, 20, 31, 0, '2024-11-09 04:57:07'),
(2648, 'ESP32_001', 145, 145, 21, 6, 0, '2024-11-09 04:58:17'),
(2649, 'ESP32_001', 146, 146, 21, 7, 0, '2024-11-09 04:59:57'),
(2650, 'ESP32_001', 147, 147, 21, 8, 0, '2024-11-09 05:00:31'),
(2651, 'ESP32_001', 147, 147, 21, 8, 0, '2024-11-09 16:28:10'),
(2652, 'ESP32_001', 148, 148, 21, 9, 0, '2024-11-09 18:27:50'),
(2653, 'ESP32_001', 149, 149, 21, 10, 0, '2024-11-09 22:35:15'),
(2654, 'ESP32_001', 150, 150, 21, 11, 0, '2024-11-10 01:00:21'),
(2655, 'ESP32_001', 151, 151, 21, 12, 0, '2024-11-10 01:00:54'),
(2656, 'ESP32_001', 152, 152, 21, 13, 0, '2024-11-10 01:01:46'),
(2657, 'ESP32_001', 153, 153, 21, 14, 0, '2024-11-10 01:16:00'),
(2658, 'ESP32_001', 154, 154, 21, 15, 0, '2024-11-10 01:16:41'),
(2659, 'ESP32_001', 155, 155, 21, 16, 0, '2024-11-10 01:17:14'),
(2660, 'ESP32_001', 156, 156, 21, 17, 0, '2024-11-10 01:17:38'),
(2661, 'ESP32_001', 157, 157, 21, 18, 0, '2024-11-10 01:31:16'),
(2662, 'ESP32_001', 158, 158, 21, 19, 0, '2024-11-10 01:32:08'),
(2663, 'ESP32_001', 159, 159, 21, 20, 0, '2024-11-10 01:34:13'),
(2664, 'ESP32_001', 160, 160, 21, 21, 0, '2024-11-10 02:13:16'),
(2665, 'ESP32_001', 161, 161, 21, 22, 0, '2024-11-10 02:20:10'),
(2666, 'ESP32_001', 162, 162, 21, 23, 0, '2024-11-10 02:20:43'),
(2667, 'ESP32_001', 163, 163, 21, 24, 0, '2024-11-10 02:24:20'),
(2668, 'ESP32_001', 164, 164, 22, 0, 0, '2024-11-10 02:25:03'),
(2669, 'ESP32_001', 165, 165, 22, 1, 0, '2024-11-10 02:26:04'),
(2670, 'ESP32_001', 166, 166, 22, 2, 0, '2024-11-10 02:26:52'),
(2671, 'ESP32_001', 167, 167, 22, 3, 0, '2024-11-10 02:27:01'),
(2672, 'ESP32_001', 168, 168, 22, 4, 0, '2024-11-10 02:27:30'),
(2673, 'ESP32_001', 169, 169, 22, 5, 0, '2024-11-10 02:29:06'),
(2674, 'ESP32_001', 170, 170, 22, 6, 0, '2024-11-10 02:29:28'),
(2675, 'ESP32_001', 171, 171, 22, 7, 0, '2024-11-10 02:30:02'),
(2676, 'ESP32_001', 173, 173, 22, 9, 0, '2024-11-10 02:41:52'),
(2677, 'ESP32_001', 174, 174, 22, 10, 0, '2024-11-10 02:53:28'),
(2678, 'ESP32_001', 175, 175, 22, 11, 0, '2024-11-10 02:55:51'),
(2679, 'ESP32_001', 176, 176, 22, 12, 0, '2024-11-10 02:56:17'),
(2680, 'ESP32_001', 177, 177, 22, 13, 0, '2024-11-10 02:56:42'),
(2681, 'ESP32_001', 178, 178, 23, -11, 0, '2024-11-10 02:57:28'),
(2682, 'ESP32_001', 179, 179, 23, -10, 0, '2024-11-10 02:58:13'),
(2683, 'ESP32_001', 179, 179, 23, -10, 0, '2024-11-10 03:48:32'),
(2684, 'ESP32_001', 179, 179, 23, -10, 0, '2024-11-10 03:50:14'),
(2685, 'ESP32_001', 180, 180, 23, -9, 0, '2024-11-10 03:50:25'),
(2686, 'ESP32_001', 181, 181, 23, -8, 0, '2024-11-10 03:53:56'),
(2687, 'ESP32_001', 183, 183, 23, -6, 0, '2024-11-10 04:37:51'),
(2688, 'ESP32_001', 184, 184, 23, -5, 0, '2024-11-10 04:38:23'),
(2689, 'ESP32_001', 186, 186, 23, -3, 0, '2024-11-10 04:43:34'),
(2690, 'ESP32_001', 187, 187, 23, -2, 0, '2024-11-10 04:44:09'),
(2691, 'ESP32_001', 188, 188, 23, -1, 0, '2024-11-10 04:48:57'),
(2692, 'ESP32_001', 1, 1, 0, 1, 0, '2024-11-16 22:09:07'),
(2693, 'ESP32_001', 2, 2, 1, -10, 0, '2024-11-16 22:11:12'),
(2694, 'ESP32_001', 1, 1, 0, 1, 0, '2024-11-16 22:12:48'),
(2695, 'ESP32_001', 1, 1, 1, -11, 0, '2024-11-16 22:19:27'),
(2696, 'ESP32_001', 1, 1, 0, 1, 0, '2024-11-17 00:34:15'),
(2697, 'ESP32_001', 2, 2, 0, 2, 0, '2024-11-17 01:45:03'),
(2698, 'ESP32_001', 3, 3, 0, 3, 0, '2024-11-17 01:53:19'),
(2699, 'ESP32_001', 4, 4, 0, 4, 0, '2024-11-17 01:54:19'),
(2700, 'ESP32_001', 5, 5, 0, 5, 0, '2024-11-17 02:23:01'),
(2701, 'ESP32_001', 6, 6, 0, 6, 0, '2024-11-17 02:58:56'),
(2702, 'ESP32_001', 7, 7, 0, 7, 0, '2024-11-17 03:00:20'),
(2703, 'ESP32_002', 1, 1, 0, 1, 0, '2024-11-17 04:13:31'),
(2704, 'ESP32_002', 2, 2, 1, -10, 0, '2024-11-17 04:13:42'),
(2705, 'ESP32_002', 3, 3, 1, -9, 0, '2024-11-17 04:14:06'),
(2706, 'ESP32_002', 4, 4, 1, -8, 0, '2024-11-17 04:14:19'),
(2707, 'ESP32_002', 5, 5, 1, -7, 0, '2024-11-17 04:14:25'),
(2708, 'ESP32_002', 6, 6, 1, -6, 0, '2024-11-17 04:14:32'),
(2709, 'ESP32_002', 1, 1, 0, 1, 0, '2024-11-17 04:15:29'),
(2710, 'ESP32_002', 1, 1, 0, 1, 0, '2024-11-17 04:40:36'),
(2711, 'ESP32_002', 2, 2, 0, 2, 0, '2024-11-17 04:40:47'),
(2712, 'ESP32_002', 3, 3, 0, 3, 0, '2024-11-17 04:40:58'),
(2713, 'ESP32_002', 7, 7, 1, -5, 0, '2024-11-17 04:43:43'),
(2714, 'ESP32_002', 8, 8, 1, -4, 0, '2024-11-17 04:44:48'),
(2715, 'ESP32_001', 1, 1, 0, 1, 0, '2024-11-18 00:53:15'),
(2716, 'ESP32_001', 2, 2, 0, 2, 0, '2024-11-18 00:54:30'),
(2717, 'ESP32_001', 3, 3, 0, 3, 0, '2024-11-18 00:59:14'),
(2718, 'ESP32_001', 4, 4, 0, 4, 0, '2024-11-18 00:59:45'),
(2719, 'ESP32_001', 1, 1, 0, 1, 0, '2024-11-18 03:55:48'),
(2720, 'ESP32_001', 1, 1, 0, 1, 0, '2024-11-18 23:17:10'),
(2721, 'ESP32_001', 2, 2, 0, 2, 0, '2024-11-19 00:42:13'),
(2722, 'ESP32_001', 3, 3, 0, 3, 0, '2024-11-19 00:42:55'),
(2723, 'ESP32_001', 4, 4, 0, 4, 0, '2024-11-19 01:01:38'),
(2724, 'ESP32_001', 5, 5, 0, 5, 0, '2024-11-19 01:01:59'),
(2725, 'ESP32_001', 1, 1, 0, 1, 0, '2024-11-19 18:01:16'),
(2726, 'ESP32_001', 1, 1, 0, 1, 0, '2024-11-19 22:07:46'),
(2727, 'ESP32_001', 2, 2, 0, 2, 0, '2024-11-19 22:08:13'),
(2728, 'ESP32_001', 1, 1, 0, 1, 0, '2024-11-19 22:10:57'),
(2729, 'ESP32_001', 1, 1, 0, 1, 0, '2024-11-19 22:13:24'),
(2730, 'ESP32_001', 2, 2, 0, 2, 0, '2024-11-19 22:17:57'),
(2731, 'ESP32_001', 3, 3, 0, 3, 0, '2024-11-19 22:18:59'),
(2732, 'ESP32_001', 4, 4, 0, 4, 0, '2024-11-19 22:19:29'),
(2733, 'ESP32_001', 5, 5, 0, 5, 0, '2024-11-19 22:19:49'),
(2734, 'ESP32_001', 6, 6, 1, -6, 0, '2024-11-19 22:21:32'),
(2735, 'ESP32_001', 7, 7, 1, -5, 0, '2024-11-19 22:22:49'),
(2736, 'ESP32_001', 8, 8, 1, -4, 0, '2024-11-19 22:23:43'),
(2737, 'ESP32_001', 9, 9, 1, -3, 0, '2024-11-19 22:24:18'),
(2738, 'ESP32_001', 10, 10, 1, -2, 0, '2024-11-19 22:25:14'),
(2739, 'ESP32_001', 11, 11, 1, -1, 0, '2024-11-19 22:25:53'),
(2740, 'ESP32_001', 11, 11, 1, -1, 0, '2024-11-19 22:26:59'),
(2741, 'ESP32_001', 12, 12, 1, 0, 0, '2024-11-19 22:27:56'),
(2742, 'ESP32_001', 13, 13, 1, 1, 0, '2024-11-19 22:28:12'),
(2743, 'ESP32_001', 14, 14, 1, 2, 0, '2024-11-19 22:29:22'),
(2744, 'ESP32_001', 15, 15, 1, 3, 0, '2024-11-19 22:29:45'),
(2745, 'ESP32_001', 16, 16, 1, 4, 0, '2024-11-19 22:31:05'),
(2746, 'ESP32_001', 17, 17, 1, 5, 0, '2024-11-20 01:27:04'),
(2747, 'ESP32_001', 17, 17, 1, 5, 0, '2024-11-20 16:35:19'),
(2748, 'ESP32_001', 18, 18, 1, 6, 0, '2024-11-20 20:15:31'),
(2749, 'ESP32_001', 19, 19, 1, 7, 0, '2024-11-21 02:18:23'),
(2750, 'ESP32_001', 19, 19, 1, 7, 0, '2024-11-21 16:22:14'),
(2751, 'ESP32_001', 20, 20, 1, 8, 0, '2024-11-22 01:48:04'),
(2752, 'ESP32_001', 22, 22, 1, 10, 0, '2024-11-22 02:30:21'),
(2753, 'ESP32_001', 23, 23, 1, 11, 0, '2024-11-22 03:22:57'),
(2754, 'ESP32_001', 24, 24, 2, 0, 0, '2024-11-22 03:30:07'),
(2755, 'ESP32_001', 25, 25, 2, 1, 0, '2024-11-22 03:30:43'),
(2756, 'ESP32_001', 26, 26, 2, 2, 0, '2024-11-22 03:31:15'),
(2757, 'ESP32_001', 27, 27, 2, 3, 0, '2024-11-22 03:31:44'),
(2758, 'ESP32_001', 28, 28, 2, 4, 0, '2024-11-22 03:37:59'),
(2759, 'ESP32_001', 29, 29, 2, 5, 0, '2024-11-22 03:43:08'),
(2760, 'ESP32_001', 30, 30, 2, 6, 0, '2024-11-22 15:39:19'),
(2761, 'ESP32_001', 31, 31, 2, 7, 0, '2024-11-22 17:27:16'),
(2762, 'ESP32_001', 32, 32, 2, 8, 0, '2024-11-23 01:57:14'),
(2763, 'ESP32_001', 33, 33, 2, 9, 0, '2024-11-23 03:31:38'),
(2764, 'ESP32_001', 33, 33, 2, 9, 0, '2024-11-23 03:33:09'),
(2765, 'ESP32_001', 33, 33, 2, 9, 0, '2024-11-23 03:34:40'),
(2766, 'ESP32_001', 34, 34, 2, 10, 0, '2024-11-23 03:34:56'),
(2767, 'ESP32_001', 35, 35, 2, 11, 0, '2024-11-23 04:00:12'),
(2768, 'ESP32_001', 35, 35, 2, 11, 0, '2024-11-23 16:14:26'),
(2769, 'ESP32_001', 37, 37, 3, 1, 0, '2024-11-24 00:03:51'),
(2770, 'ESP32_001', 38, 38, 3, 2, 0, '2024-11-24 00:04:40'),
(2771, 'ESP32_001', 39, 39, 3, 3, 0, '2024-11-24 00:16:09'),
(2772, 'ESP32_001', 40, 40, 3, 4, 0, '2024-11-24 01:32:36'),
(2773, 'ESP32_001', 41, 41, 3, 5, 0, '2024-11-24 01:32:51'),
(2774, 'ESP32_001', 43, 43, 3, 7, 0, '2024-11-24 02:40:11'),
(2775, 'ESP32_001', 45, 45, 3, 9, 0, '2024-11-24 02:49:09'),
(2776, 'ESP32_001', 47, 47, 3, 11, 0, '2024-11-24 02:59:59'),
(2777, 'ESP32_001', 48, 48, 3, 12, 0, '2024-11-24 04:02:32'),
(2778, 'ESP32_001', 49, 49, 3, 13, 0, '2024-11-24 04:42:32'),
(2779, 'ESP32_001', 50, 50, 3, 14, 0, '2024-11-24 05:23:14'),
(2780, 'ESP32_001', 51, 51, 3, 15, 0, '2024-11-24 05:23:42'),
(2781, 'ESP32_001', 52, 52, 3, 16, 0, '2024-11-24 05:26:16'),
(2782, 'ESP32_001', 53, 53, 3, 17, 0, '2024-11-24 05:26:49'),
(2783, 'ESP32_001', 54, 54, 3, 18, 0, '2024-11-24 06:01:39'),
(2784, 'ESP32_001', 55, 55, 3, 19, 0, '2024-11-24 06:02:25'),
(2785, 'ESP32_001', 56, 56, 3, 20, 0, '2024-11-24 06:03:38'),
(2786, 'ESP32_001', 58, 58, 3, 22, 0, '2024-11-24 06:21:42'),
(2787, 'ESP32_001', 59, 59, 3, 23, 0, '2024-11-24 06:28:10'),
(2788, 'ESP32_001', 59, 59, 3, 23, 0, '2024-11-24 23:03:20'),
(2789, 'ESP32_001', 60, 60, 3, 24, 0, '2024-11-25 00:46:33'),
(2790, 'ESP32_001', 61, 61, 3, 25, 0, '2024-11-25 01:29:20'),
(2791, 'ESP32_001', 62, 62, 3, 26, 0, '2024-11-25 01:31:17'),
(2792, 'ESP32_001', 63, 63, 3, 27, 0, '2024-11-25 01:38:04'),
(2793, 'ESP32_001', 64, 64, 3, 28, 0, '2024-11-25 01:47:25'),
(2794, 'ESP32_001', 65, 65, 3, 29, 0, '2024-11-25 01:49:51'),
(2795, 'ESP32_001', 66, 66, 3, 30, 0, '2024-11-25 01:50:12'),
(2796, 'ESP32_001', 67, 67, 3, 31, 0, '2024-11-25 02:09:05'),
(2797, 'ESP32_001', 68, 68, 3, 32, 0, '2024-11-25 02:09:27'),
(2798, 'ESP32_001', 69, 69, 3, 33, 0, '2024-11-25 02:58:16'),
(2799, 'ESP32_001', 69, 69, 3, 33, 0, '2024-11-25 16:06:47'),
(2800, 'ESP32_001', 70, 70, 3, 34, 0, '2024-11-25 23:07:26'),
(2801, 'ESP32_001', 72, 72, 3, 36, 0, '2024-11-26 00:36:11'),
(2802, 'ESP32_001', 72, 72, 3, 36, 0, '2024-11-26 15:52:47'),
(2803, 'ESP32_001', 74, 74, 3, 38, 0, '2024-11-27 03:13:29'),
(2804, 'ESP32_001', 74, 74, 3, 38, 0, '2024-11-27 16:03:29'),
(2805, 'ESP32_001', 75, 75, 3, 39, 0, '2024-11-27 16:38:15'),
(2806, 'ESP32_001', 76, 76, 3, 40, 0, '2024-11-27 19:25:24'),
(2807, 'ESP32_001', 77, 77, 3, 41, 0, '2024-11-27 19:25:50'),
(2808, 'ESP32_001', 79, 79, 3, 43, 0, '2024-11-28 17:21:42'),
(2809, 'ESP32_001', 80, 80, 3, 44, 0, '2024-11-28 19:41:08'),
(2810, 'ESP32_001', 81, 81, 3, 45, 0, '2024-11-29 02:37:33'),
(2811, 'ESP32_001', 82, 82, 3, 46, 0, '2024-11-29 02:37:50'),
(2812, 'ESP32_002', 8, 8, 1, -4, 0, '2024-11-29 03:40:14'),
(2813, 'ESP32_002', 8, 8, 1, -4, 0, '2024-11-29 03:52:06'),
(2814, 'ESP32_002', 9, 9, 1, -3, 0, '2024-11-29 04:53:08'),
(2815, 'ESP32_001', 82, 82, 3, 46, 0, '2024-11-29 16:07:59'),
(2816, 'ESP32_001', 83, 83, 3, 47, 0, '2024-11-29 18:22:53'),
(2817, 'ESP32_001', 84, 84, 3, 48, 0, '2024-11-29 18:28:33'),
(2818, 'ESP32_001', 86, 86, 4, 38, 0, '2024-11-30 01:34:06'),
(2819, 'ESP32_001', 87, 87, 4, 39, 0, '2024-11-30 03:25:40'),
(2820, 'ESP32_001', 88, 88, 4, 40, 0, '2024-11-30 03:29:08'),
(2821, 'ESP32_001', 89, 89, 4, 41, 0, '2024-11-30 03:32:30'),
(2822, 'ESP32_001', 91, 91, 4, 43, 0, '2024-11-30 03:51:41'),
(2823, 'ESP32_001', 91, 91, 4, 43, 0, '2024-11-30 16:15:53'),
(2824, 'ESP32_001', 96, 96, 4, 48, 0, '2024-12-01 00:37:11'),
(2825, 'ESP32_001', 97, 97, 4, 49, 0, '2024-12-01 00:57:33'),
(2826, 'ESP32_001', 98, 98, 4, 50, 0, '2024-12-01 02:29:09'),
(2827, 'ESP32_001', 99, 99, 4, 51, 0, '2024-12-01 02:35:21'),
(2828, 'ESP32_001', 101, 101, 4, 53, 0, '2024-12-01 02:46:05'),
(2829, 'ESP32_001', 102, 102, 4, 54, 0, '2024-12-01 02:50:08'),
(2830, 'ESP32_001', 103, 103, 4, 55, 0, '2024-12-01 03:27:23'),
(2831, 'ESP32_001', 105, 105, 4, 57, 0, '2024-12-01 04:17:49'),
(2832, 'ESP32_001', 106, 106, 4, 58, 0, '2024-12-01 04:27:38'),
(2833, 'ESP32_001', 106, 106, 4, 58, 0, '2024-12-01 21:52:44'),
(2834, 'ESP32_001', 107, 107, 4, 59, 0, '2024-12-02 00:33:50'),
(2835, 'ESP32_001', 108, 108, 4, 60, 0, '2024-12-02 00:34:23'),
(2836, 'ESP32_001', 109, 109, 4, 61, 0, '2024-12-02 00:47:55'),
(2837, 'ESP32_002', 9, 9, 1, -3, 0, '2024-12-02 00:59:47'),
(2838, 'ESP32_002', 6, -3, 1, 12, 0, '2024-12-02 01:01:00'),
(2839, 'ESP32_002', 6, -3, 1, 12, 0, '2024-12-02 01:01:46'),
(2840, 'ESP32_001', 110, 110, 4, 62, 0, '2024-12-02 01:05:29'),
(2841, 'ESP32_001', 111, 111, 4, 63, 0, '2024-12-02 01:11:25'),
(2842, 'ESP32_002', 0, -3, 1, 12, 0, '2024-12-02 01:13:16'),
(2843, 'ESP32_002', 0, -3, 1, 12, 0, '2024-12-02 01:13:47'),
(2844, 'ESP32_002', 0, -3, 1, 12, 0, '2024-12-02 01:14:18'),
(2845, 'ESP32_002', 0, -15, 2, 12, 0, '2024-12-02 01:15:22'),
(2846, 'ESP32_002', 9, 9, 1, -15, 0, '2024-12-02 01:17:51'),
(2847, 'ESP32_001', 112, 112, 4, 64, 0, '2024-12-02 01:32:39'),
(2848, 'ESP32_001', 113, 113, 4, 65, 0, '2024-12-02 01:48:48'),
(2849, 'ESP32_001', 114, 114, 4, 66, 0, '2024-12-02 01:52:26'),
(2850, 'ESP32_001', 115, 115, 4, 67, 0, '2024-12-02 01:53:02'),
(2851, 'ESP32_001', 116, 116, 4, 68, 0, '2024-12-02 01:54:43'),
(2852, 'ESP32_001', 117, 117, 4, 69, 0, '2024-12-02 01:58:23'),
(2853, 'ESP32_001', 118, 118, 4, 70, 0, '2024-12-02 01:59:06'),
(2854, 'ESP32_001', 119, 119, 4, 71, 0, '2024-12-02 01:59:43'),
(2855, 'ESP32_001', 120, 120, 4, 72, 0, '2024-12-02 02:08:05'),
(2856, 'ESP32_001', 121, 121, 4, 73, 0, '2024-12-02 02:11:16'),
(2857, 'ESP32_001', 122, 122, 4, 74, 0, '2024-12-02 02:15:30'),
(2858, 'ESP32_002', 10, 10, 1, -14, 0, '2024-12-02 02:25:32'),
(2859, 'ESP32_001', 123, 123, 4, 75, 0, '2024-12-02 02:41:45'),
(2860, 'ESP32_001', 124, 124, 4, 76, 0, '2024-12-02 03:14:41'),
(2861, 'ESP32_001', 125, 125, 4, 77, 0, '2024-12-02 03:16:54'),
(2862, 'ESP32_001', 126, 126, 4, 78, 0, '2024-12-02 03:40:40'),
(2863, 'ESP32_001', 127, 127, 4, 79, 0, '2024-12-02 03:52:35'),
(2864, 'ESP32_001', 128, 128, 4, 80, 0, '2024-12-02 04:40:06'),
(2865, 'ESP32_001', 128, 128, 4, 80, 0, '2024-12-02 16:18:10'),
(2866, 'ESP32_001', 129, 129, 4, 81, 0, '2024-12-02 17:50:33'),
(2867, 'ESP32_001', 129, 129, 4, 81, 0, '2024-12-03 15:55:00'),
(2868, 'ESP32_001', 130, 130, 4, 82, 0, '2024-12-03 16:29:58'),
(2869, 'ESP32_001', 131, 131, 4, 83, 0, '2024-12-03 18:18:18'),
(2870, 'ESP32_001', 132, 132, 4, 84, 0, '2024-12-04 00:17:13'),
(2871, 'ESP32_001', 132, 132, 4, 84, 0, '2024-12-04 16:17:23'),
(2872, 'ESP32_001', 133, 133, 4, 85, 0, '2024-12-04 17:37:41'),
(2873, 'ESP32_001', 134, 134, 4, 86, 0, '2024-12-04 20:07:30'),
(2874, 'ESP32_001', 135, 135, 4, 87, 0, '2024-12-05 01:23:04'),
(2875, 'ESP32_001', 136, 136, 4, 88, 0, '2024-12-05 01:24:00'),
(2876, 'ESP32_001', 136, 136, 4, 88, 0, '2024-12-05 16:20:32'),
(2877, 'ESP32_001', 137, 137, 4, 89, 0, '2024-12-05 18:34:15'),
(2878, 'ESP32_001', 138, 138, 4, 90, 0, '2024-12-06 02:23:50'),
(2879, 'ESP32_001', 139, 139, 4, 91, 0, '2024-12-06 03:37:48'),
(2880, 'ESP32_001', 139, 139, 4, 91, 0, '2024-12-06 15:49:52'),
(2881, 'ESP32_002', 10, 10, 1, -14, 0, '2024-12-06 16:16:14'),
(2882, 'ESP32_002', 1, 1, 0, 1, 0, '2024-12-06 16:17:32'),
(2883, 'ESP32_002', 1, 1, 0, 1, 0, '2024-12-06 16:18:03'),
(2884, 'ESP32_002', 2, 2, 0, 2, 0, '2024-12-06 16:20:05'),
(2885, 'ESP32_002', 3, 3, 0, 3, 0, '2024-12-06 16:20:59'),
(2886, 'ESP32_002', 3, 3, 0, 3, 0, '2024-12-06 16:22:35'),
(2887, 'ESP32_002', 4, 4, 0, 4, 0, '2024-12-06 16:22:58'),
(2888, 'ESP32_002', 5, 5, 0, 5, 0, '2024-12-06 16:24:18'),
(2889, 'ESP32_002', 6, 6, 0, 6, 0, '2024-12-06 16:31:26'),
(2890, 'ESP32_002', 6, 6, 0, 6, 0, '2024-12-06 16:47:26'),
(2891, 'ESP32_005', 6, 6, 0, 6, 0, '2024-12-06 16:48:19'),
(2892, 'ESP32_005', 12, 6, 0, 6, 0, '2024-12-06 17:02:26'),
(2893, 'ESP32_005', 12, 7, 0, 7, 0, '2024-12-06 17:05:48'),
(2894, 'ESP32_001', 139, 139, 4, 0, 0, '2024-12-06 21:55:20'),
(2895, 'ESP32_001', 140, 140, 4, 1, 0, '2024-12-06 21:58:14'),
(2896, 'ESP32_001', 141, 141, 4, 2, 0, '2024-12-06 22:46:04'),
(2897, 'ESP32_001', 142, 142, 4, 3, 0, '2024-12-07 01:00:51'),
(2898, 'ESP32_001', 143, 143, 4, 4, 0, '2024-12-07 01:07:14'),
(2899, 'ESP32_001', 144, 144, 4, 5, 0, '2024-12-07 01:12:17'),
(2900, 'ESP32_001', 145, 145, 4, 6, 0, '2024-12-07 02:06:09'),
(2901, 'ESP32_001', 146, 146, 4, 7, 0, '2024-12-07 02:43:50'),
(2902, 'ESP32_001', 147, 147, 4, 8, 0, '2024-12-07 03:24:08'),
(2903, 'ESP32_001', 147, 147, 4, 8, 0, '2024-12-07 16:16:32'),
(2904, 'ESP32_001', 148, 148, 4, 9, 0, '2024-12-07 18:32:20'),
(2905, 'ESP32_001', 149, 149, 4, 10, 0, '2024-12-07 18:33:14'),
(2906, 'ESP32_001', 150, 150, 4, 11, 0, '2024-12-07 22:49:00'),
(2907, 'ESP32_001', 151, 151, 4, 12, 0, '2024-12-07 23:38:03'),
(2908, 'ESP32_001', 152, 152, 4, 13, 0, '2024-12-08 00:50:21'),
(2909, 'ESP32_001', 153, 153, 4, 14, 0, '2024-12-08 00:53:44'),
(2910, 'ESP32_001', 154, 154, 5, 0, 0, '2024-12-08 00:53:58'),
(2911, 'ESP32_001', 155, 155, 5, 1, 0, '2024-12-08 00:54:41'),
(2912, 'ESP32_001', 158, 158, 5, 4, 0, '2024-12-08 01:12:37'),
(2913, 'ESP32_001', 159, 159, 5, 5, 0, '2024-12-08 01:24:54'),
(2914, 'ESP32_001', 160, 160, 5, 6, 0, '2024-12-08 01:26:02'),
(2915, 'ESP32_001', 161, 161, 5, 7, 0, '2024-12-08 01:27:44'),
(2916, 'ESP32_001', 162, 162, 5, 8, 0, '2024-12-08 01:38:54'),
(2917, 'ESP32_001', 163, 163, 5, 9, 0, '2024-12-08 01:52:20'),
(2918, 'ESP32_001', 164, 164, 5, 10, 0, '2024-12-08 01:57:01'),
(2919, 'ESP32_001', 166, 166, 5, 12, 0, '2024-12-08 02:43:08'),
(2920, 'ESP32_001', 167, 167, 5, 13, 0, '2024-12-08 02:47:09'),
(2921, 'ESP32_001', 167, 167, 5, 13, 0, '2024-12-08 21:37:41'),
(2922, 'ESP32_001', 168, 168, 5, 14, 0, '2024-12-09 00:31:33'),
(2923, 'ESP32_001', 169, 169, 5, 15, 0, '2024-12-09 02:17:23'),
(2924, 'ESP32_001', 170, 170, 5, 16, 0, '2024-12-09 02:17:54'),
(2925, 'ESP32_001', 171, 171, 5, 17, 0, '2024-12-09 04:29:02'),
(2926, 'ESP32_001', 172, 172, 5, 18, 0, '2024-12-09 04:29:25'),
(2927, 'ESP32_001', 173, 173, 6, 4, 0, '2024-12-09 04:29:40'),
(2928, 'ESP32_001', 174, 174, 6, 5, 0, '2024-12-09 04:33:39'),
(2929, 'ESP32_001', 175, 175, 6, 6, 0, '2024-12-09 04:34:18'),
(2930, 'ESP32_001', 176, 176, 6, 7, 0, '2024-12-09 04:34:55'),
(2931, 'ESP32_001', 177, 177, 6, 8, 0, '2024-12-09 04:39:21'),
(2932, 'ESP32_001', 178, 178, 6, 9, 0, '2024-12-09 04:48:54'),
(2933, 'ESP32_001', 178, 178, 6, 9, 0, '2024-12-09 16:07:56'),
(2934, 'ESP32_001', 179, 179, 6, 10, 0, '2024-12-09 17:05:53'),
(2935, 'ESP32_001', 180, 180, 6, 11, 0, '2024-12-09 19:04:11'),
(2936, 'ESP32_001', 181, 181, 6, 12, 0, '2024-12-09 19:04:56'),
(2937, 'ESP32_001', 182, 182, 6, 13, 0, '2024-12-09 19:05:31'),
(2938, 'ESP32_001', 183, 183, 6, 14, 0, '2024-12-09 21:01:16'),
(2939, 'ESP32_001', 184, 184, 6, 15, 0, '2024-12-09 21:04:24'),
(2940, 'ESP32_001', 185, 185, 6, 16, 0, '2024-12-09 21:05:08'),
(2941, 'ESP32_001', 186, 186, 6, 17, 0, '2024-12-10 00:19:08'),
(2942, 'ESP32_001', 187, 187, 6, 18, 0, '2024-12-10 01:13:23'),
(2943, 'ESP32_001', 188, 188, 6, 19, 0, '2024-12-10 01:43:51'),
(2944, 'ESP32_001', 189, 189, 6, 20, 0, '2024-12-10 02:59:28'),
(2945, 'ESP32_001', 190, 190, 6, 21, 0, '2024-12-10 02:59:54'),
(2946, 'ESP32_001', 191, 191, 6, 22, 0, '2024-12-10 03:00:13'),
(2947, 'ESP32_001', 192, 192, 6, 23, 0, '2024-12-10 03:01:24'),
(2948, 'ESP32_001', 193, 193, 6, 24, 0, '2024-12-10 03:02:03'),
(2949, 'ESP32_001', 193, 193, 6, 24, 0, '2024-12-10 15:33:10'),
(2950, 'ESP32_001', 194, 194, 7, 10, 0, '2024-12-10 17:52:10'),
(2951, 'ESP32_001', 195, 195, 7, 11, 0, '2024-12-10 17:57:34'),
(2952, 'ESP32_001', 196, 196, 7, 12, 0, '2024-12-11 01:33:11'),
(2953, 'ESP32_001', 197, 197, 7, 13, 0, '2024-12-11 02:15:09'),
(2954, 'ESP32_001', 198, 198, 7, 14, 0, '2024-12-11 02:22:09'),
(2955, 'ESP32_001', 199, 199, 7, 15, 0, '2024-12-11 03:59:56'),
(2956, 'ESP32_001', 200, 200, 7, 16, 0, '2024-12-11 04:48:51'),
(2957, 'ESP32_001', 200, 200, 7, 16, 0, '2024-12-11 15:51:33'),
(2958, 'ESP32_001', 12, 1, 0, 1, 0, '2024-12-11 21:23:36'),
(2959, 'ESP32_001', 25, 8, 0, 8, 0, '2024-12-12 03:47:17'),
(2960, 'ESP32_001', 25, 8, 0, 8, 0, '2024-12-12 15:34:44'),
(2961, 'ESP32_001', 25, 9, 0, 9, 0, '2024-12-13 01:31:36'),
(2962, 'ESP32_001', 25, 10, 0, 10, 0, '2024-12-13 01:44:49'),
(2963, 'ESP32_001', 25, 11, 0, 11, 0, '2024-12-13 01:45:14'),
(2964, 'ESP32_001', 25, 12, 0, 12, 0, '2024-12-13 01:45:43'),
(2965, 'ESP32_001', 25, 13, 0, 13, 0, '2024-12-13 01:46:20'),
(2966, 'ESP32_001', 25, 14, 0, 14, 0, '2024-12-13 01:47:19'),
(2967, 'ESP32_001', 25, 15, 0, 15, 0, '2024-12-13 01:47:46'),
(2968, 'ESP32_001', 25, 16, 0, 16, 0, '2024-12-13 01:48:18'),
(2969, 'ESP32_001', 25, 17, 0, 17, 0, '2024-12-13 01:48:40'),
(2970, 'ESP32_001', 25, 18, 0, 18, 0, '2024-12-13 01:49:00'),
(2971, 'ESP32_001', 25, 19, 0, 19, 0, '2024-12-13 01:50:37'),
(2972, 'ESP32_001', 25, 20, 0, 20, 0, '2024-12-13 01:53:23'),
(2973, 'ESP32_001', 25, 21, 0, 21, 0, '2024-12-13 01:53:55'),
(2974, 'ESP32_001', 25, 22, 0, 22, 0, '2024-12-13 01:54:20'),
(2975, 'ESP32_001', 25, 23, 0, 23, 0, '2024-12-13 01:54:48'),
(2976, 'ESP32_001', 25, 24, 0, 24, 0, '2024-12-13 01:55:22'),
(2977, 'ESP32_001', 25, 25, 0, 25, 0, '2024-12-13 01:55:46'),
(2978, 'ESP32_001', 25, 26, 0, 26, 0, '2024-12-13 01:56:23'),
(2979, 'ESP32_001', 25, 27, 0, 27, 0, '2024-12-13 01:56:41'),
(2980, 'ESP32_001', 25, 28, 0, 28, 0, '2024-12-13 01:57:01'),
(2981, 'ESP32_001', 25, 29, 0, 29, 0, '2024-12-13 01:57:22'),
(2982, 'ESP32_001', 25, 30, 0, 30, 0, '2024-12-13 01:57:48'),
(2983, 'ESP32_001', 25, 31, 0, 31, 0, '2024-12-13 01:58:14'),
(2984, 'ESP32_001', 25, 32, 0, 32, 0, '2024-12-13 02:00:32'),
(2985, 'ESP32_001', 25, 33, 0, 33, 0, '2024-12-13 02:00:54'),
(2986, 'ESP32_001', 25, 34, 0, 34, 0, '2024-12-13 02:01:24'),
(2987, 'ESP32_001', 25, 35, 0, 35, 0, '2024-12-13 02:01:44'),
(2988, 'ESP32_001', 25, 36, 0, 36, 0, '2024-12-13 02:02:02'),
(2989, 'ESP32_001', 25, 37, 0, 37, 0, '2024-12-13 02:02:34'),
(2990, 'ESP32_001', 25, 38, 0, 38, 0, '2024-12-13 02:16:47'),
(2991, 'ESP32_001', 25, 39, 0, 39, 0, '2024-12-13 02:19:36'),
(2992, 'ESP32_001', 25, 39, 0, 39, 0, '2024-12-13 15:42:06'),
(2993, 'ESP32_001', 25, 40, 0, 40, 0, '2024-12-13 16:17:01'),
(2994, 'ESP32_001', 25, 41, 0, 41, 0, '2024-12-13 19:17:20'),
(2995, 'ESP32_001', 25, 42, 0, 42, 0, '2024-12-13 19:17:41'),
(2996, 'ESP32_001', 25, 43, 0, 43, 0, '2024-12-13 19:21:21'),
(2997, 'ESP32_001', 25, 44, 0, 44, 0, '2024-12-14 01:25:58'),
(2998, 'ESP32_001', 25, 45, 0, 45, 0, '2024-12-14 01:27:17'),
(2999, 'ESP32_001', 25, 46, 1, 21, 0, '2024-12-14 01:30:55'),
(3000, 'ESP32_001', 25, 47, 1, 22, 0, '2024-12-14 05:56:36'),
(3001, 'ESP32_001', 25, 47, 1, 22, 0, '2024-12-14 15:51:19'),
(3002, 'ESP32_001', 25, 48, 1, 23, 0, '2024-12-15 00:12:22'),
(3003, 'ESP32_001', 25, 49, 2, -1, 0, '2024-12-15 00:12:47'),
(3004, 'ESP32_001', 25, 50, 2, 0, 0, '2024-12-15 01:44:43'),
(3005, 'ESP32_001', 25, 51, 2, 1, 0, '2024-12-15 01:53:34'),
(3006, 'ESP32_001', 25, 52, 2, 2, 0, '2024-12-15 02:41:39'),
(3007, 'ESP32_001', 25, 53, 2, 3, 0, '2024-12-15 02:42:00'),
(3008, 'ESP32_001', 25, 54, 2, 4, 0, '2024-12-15 03:36:59'),
(3009, 'ESP32_001', 25, 55, 2, 5, 0, '2024-12-15 03:38:07'),
(3010, 'ESP32_001', 25, 56, 2, 6, 0, '2024-12-15 03:49:16'),
(3011, 'ESP32_001', 25, 57, 2, 7, 0, '2024-12-15 03:50:28'),
(3012, 'ESP32_001', 25, 58, 2, 8, 0, '2024-12-15 04:07:40'),
(3013, 'ESP32_001', 25, 59, 2, 9, 0, '2024-12-15 04:10:42'),
(3014, 'ESP32_001', 25, 59, 2, 9, 0, '2024-12-15 22:58:35'),
(3015, 'ESP32_001', 25, 60, 2, 10, 0, '2024-12-16 00:09:06'),
(3016, 'ESP32_001', 25, 61, 2, 11, 0, '2024-12-16 00:09:29'),
(3017, 'ESP32_001', 25, 62, 2, 12, 0, '2024-12-16 00:45:30'),
(3018, 'ESP32_001', 25, 63, 2, 13, 0, '2024-12-16 01:24:02'),
(3019, 'ESP32_001', 25, 64, 2, 14, 0, '2024-12-16 01:25:02'),
(3020, 'ESP32_001', 25, 65, 2, 15, 0, '2024-12-16 01:25:48'),
(3021, 'ESP32_001', 25, 67, 2, 17, 0, '2024-12-16 01:28:17'),
(3022, 'ESP32_001', 25, 68, 2, 18, 0, '2024-12-16 01:30:10'),
(3023, 'ESP32_001', 25, 69, 2, 19, 0, '2024-12-16 01:32:06'),
(3024, 'ESP32_001', 25, 70, 2, 20, 0, '2024-12-16 04:50:27'),
(3025, 'ESP32_001', 25, 70, 2, 20, 0, '2024-12-16 15:24:21'),
(3026, 'ESP32_001', 25, 71, 2, 21, 0, '2024-12-16 23:12:17'),
(3027, 'ESP32_001', 25, 72, 2, 22, 0, '2024-12-17 02:38:39'),
(3028, 'ESP32_001', 25, 73, 2, 23, 0, '2024-12-17 03:15:58'),
(3029, 'ESP32_001', 25, 74, 2, 24, 0, '2024-12-17 03:16:38'),
(3030, 'ESP32_001', 25, 75, 2, 25, 0, '2024-12-17 03:19:59'),
(3031, 'ESP32_001', 25, 76, 2, 26, 0, '2024-12-17 03:20:27'),
(3032, 'ESP32_001', 25, 76, 2, 26, 0, '2024-12-17 15:47:48'),
(3033, 'ESP32_001', 25, 77, 2, 27, 0, '2024-12-17 16:48:20'),
(3034, 'ESP32_001', 25, 78, 2, 28, 0, '2024-12-17 16:49:18'),
(3035, 'ESP32_001', 25, 79, 2, 29, 0, '2024-12-17 17:34:35'),
(3036, 'ESP32_001', 25, 80, 2, 30, 0, '2024-12-17 19:39:25'),
(3037, 'ESP32_001', 25, 81, 2, 31, 0, '2024-12-17 21:07:23'),
(3038, 'ESP32_001', 25, 82, 2, 32, 0, '2024-12-18 01:09:45'),
(3039, 'ESP32_001', 25, 83, 2, 33, 0, '2024-12-18 01:31:23'),
(3040, 'ESP32_001', 25, 84, 2, 34, 0, '2024-12-18 01:32:41'),
(3041, 'ESP32_001', 25, 85, 2, 35, 0, '2024-12-18 01:34:19'),
(3042, 'ESP32_001', 25, 86, 2, 36, 0, '2024-12-18 01:35:00'),
(3043, 'ESP32_001', 25, 87, 2, 37, 0, '2024-12-18 01:36:00'),
(3044, 'ESP32_001', 25, 88, 2, 38, 0, '2024-12-18 01:36:55'),
(3045, 'ESP32_001', 25, 89, 3, 14, 0, '2024-12-18 01:45:37'),
(3046, 'ESP32_001', 25, 90, 3, 15, 0, '2024-12-18 01:46:38'),
(3047, 'ESP32_001', 25, 91, 3, 16, 0, '2024-12-18 01:47:08'),
(3048, 'ESP32_001', 25, 92, 3, 17, 0, '2024-12-18 01:47:47'),
(3049, 'ESP32_001', 25, 93, 3, 18, 0, '2024-12-18 01:48:33'),
(3050, 'ESP32_001', 25, 94, 3, 19, 0, '2024-12-18 01:49:50'),
(3051, 'ESP32_001', 25, 95, 3, 20, 0, '2024-12-18 01:53:07'),
(3052, 'ESP32_001', 25, 96, 3, 21, 0, '2024-12-18 01:53:32'),
(3053, 'ESP32_001', 25, 97, 3, 22, 0, '2024-12-18 01:57:44'),
(3054, 'ESP32_001', 25, 98, 3, 23, 0, '2024-12-18 01:58:12'),
(3055, 'ESP32_001', 25, 99, 3, 24, 0, '2024-12-18 01:58:51'),
(3056, 'ESP32_001', 25, 100, 4, 0, 0, '2024-12-18 01:59:38'),
(3057, 'ESP32_001', 25, 101, 4, 1, 0, '2024-12-18 02:01:11'),
(3058, 'ESP32_001', 25, 102, 4, 2, 0, '2024-12-18 02:06:34'),
(3059, 'ESP32_001', 25, 103, 4, 3, 0, '2024-12-18 02:08:36'),
(3060, 'ESP32_001', 25, 104, 4, 4, 0, '2024-12-18 02:09:22'),
(3061, 'ESP32_001', 25, 106, 4, 6, 0, '2024-12-18 02:12:42'),
(3062, 'ESP32_001', 25, 107, 4, 7, 0, '2024-12-18 02:13:31'),
(3063, 'ESP32_001', 25, 108, 4, 8, 0, '2024-12-18 02:39:01'),
(3064, 'ESP32_001', 25, 109, 4, 9, 0, '2024-12-18 02:55:32'),
(3065, 'ESP32_001', 25, 110, 4, 10, 0, '2024-12-18 02:55:55'),
(3066, 'ESP32_001', 25, 111, 4, 11, 0, '2024-12-18 03:04:12'),
(3067, 'ESP32_001', 25, 112, 4, 12, 0, '2024-12-18 03:04:36'),
(3068, 'ESP32_001', 25, 112, 4, 12, 0, '2024-12-18 16:04:47'),
(3069, 'ESP32_001', 25, 113, 4, 13, 0, '2024-12-18 16:47:27'),
(3070, 'ESP32_001', 25, 114, 4, 14, 0, '2024-12-18 18:18:04'),
(3071, 'ESP32_001', 25, 115, 4, 15, 0, '2024-12-18 18:18:37'),
(3072, 'ESP32_001', 25, 116, 4, 16, 0, '2024-12-18 18:19:01'),
(3073, 'ESP32_001', 25, 117, 4, 17, 0, '2024-12-18 18:42:27'),
(3074, 'ESP32_001', 25, 119, 4, 19, 0, '2024-12-18 20:52:58'),
(3075, 'ESP32_001', 25, 120, 4, 20, 0, '2024-12-18 21:10:34'),
(3076, 'ESP32_001', 25, 121, 4, 21, 0, '2024-12-18 21:24:26'),
(3077, 'ESP32_001', 25, 122, 4, 22, 0, '2024-12-18 21:24:51'),
(3078, 'ESP32_001', 25, 123, 4, 23, 0, '2024-12-18 21:25:15'),
(3079, 'ESP32_001', 25, 124, 4, 24, 0, '2024-12-18 21:25:42'),
(3080, 'ESP32_001', 25, 125, 4, 25, 0, '2024-12-18 21:40:37'),
(3081, 'ESP32_001', 25, 127, 4, 27, 0, '2024-12-19 00:50:18'),
(3082, 'ESP32_005', 12, 7, 0, 7, 0, '2024-12-19 01:39:43'),
(3083, 'ESP32_005', 12, 7, 0, 7, 0, '2024-12-19 01:41:50'),
(3084, 'ESP32_005', 12, 8, 0, 7, 0, '2024-12-19 01:41:59'),
(3085, 'ESP32_005', 12, 9, 0, 7, 0, '2024-12-19 01:42:03'),
(3086, 'ESP32_005', 12, 10, 0, 7, 0, '2024-12-19 01:42:23'),
(3087, 'ESP32_005', 12, 11, 0, 7, 0, '2024-12-19 01:42:25'),
(3088, 'ESP32_005', 12, 7, 0, 7, 0, '2024-12-19 01:46:10'),
(3089, 'ESP32_005', 12, 8, 0, 7, 0, '2024-12-19 01:46:18'),
(3090, 'ESP32_005', 12, 9, 0, 7, 0, '2024-12-19 01:46:20'),
(3091, 'ESP32_005', 12, 13, 0, 8, 0, '2024-12-19 01:47:54'),
(3092, 'ESP32_005', 12, 14, 0, 8, 0, '2024-12-19 01:48:12'),
(3093, 'ESP32_001', 25, 128, 4, 28, 0, '2024-12-19 01:48:57'),
(3094, 'ESP32_001', 25, 129, 4, 29, 0, '2024-12-19 02:00:59'),
(3095, 'ESP32_001', 25, 130, 4, 30, 0, '2024-12-19 02:46:57'),
(3096, 'ESP32_001', 25, 131, 4, 31, 0, '2024-12-19 02:47:27'),
(3097, 'ESP32_001', 25, 132, 4, 32, 0, '2024-12-19 02:47:55'),
(3098, 'ESP32_001', 25, 133, 4, 33, 0, '2024-12-19 03:16:53'),
(3099, 'ESP32_001', 25, 134, 4, 34, 0, '2024-12-19 03:26:12'),
(3100, 'ESP32_001', 25, 135, 5, 10, 0, '2024-12-19 03:27:01'),
(3101, 'ESP32_001', 25, 136, 5, 11, 0, '2024-12-19 03:29:00'),
(3102, 'ESP32_001', 25, 137, 5, 12, 0, '2024-12-19 03:29:33'),
(3103, 'ESP32_001', 25, 139, 5, 14, 0, '2024-12-19 03:35:44'),
(3104, 'ESP32_001', 25, 140, 5, 15, 0, '2024-12-19 04:26:42'),
(3105, 'ESP32_001', 25, 141, 5, 16, 0, '2024-12-19 05:07:17'),
(3106, 'ESP32_001', 25, 141, 5, 16, 0, '2024-12-19 15:39:07'),
(3107, 'ESP32_001', 25, 142, 5, 17, 0, '2024-12-19 18:30:30'),
(3108, 'ESP32_001', 25, 143, 5, 18, 0, '2024-12-19 20:36:44'),
(3109, 'ESP32_002', 553, 553, 542, -2528, 0, '2024-12-19 21:52:59'),
(3110, 'ESP32_002', 553, 553, 542, 0, 0, '2024-12-19 21:54:00'),
(3111, 'ESP32_001', 25, 144, 5, 19, 0, '2024-12-19 22:09:07'),
(3112, 'ESP32_002', 553, 553, 542, 0, 0, '2024-12-19 22:22:05'),
(3113, 'ESP32_002', 651, 651, 638, -1054, 0, '2024-12-19 22:39:44'),
(3114, 'ESP32_001', 25, 145, 5, 20, 0, '2024-12-19 22:40:17'),
(3115, 'ESP32_001', 25, 146, 5, 21, 0, '2024-12-19 22:40:35'),
(3116, 'ESP32_001', 25, 147, 5, 22, 0, '2024-12-19 22:40:57'),
(3117, 'ESP32_002', 651, 651, 638, 0, 0, '2024-12-19 22:41:47'),
(3118, 'ESP32_001', 25, 148, 5, 23, 0, '2024-12-19 23:10:08'),
(3119, 'ESP32_001', 25, 149, 5, 24, 0, '2024-12-19 23:10:57'),
(3120, 'ESP32_001', 25, 150, 5, 25, 0, '2024-12-19 23:11:20'),
(3121, 'ESP32_001', 25, 151, 6, 1, 0, '2024-12-19 23:11:45'),
(3122, 'ESP32_001', 25, 152, 6, 2, 0, '2024-12-19 23:34:50'),
(3123, 'ESP32_001', 25, 153, 6, 3, 0, '2024-12-19 23:35:19'),
(3124, 'ESP32_001', 25, 154, 6, 4, 0, '2024-12-19 23:35:41'),
(3125, 'ESP32_001', 25, 155, 6, 5, 0, '2024-12-19 23:36:12'),
(3126, 'ESP32_001', 25, 156, 6, 6, 0, '2024-12-19 23:48:39'),
(3127, 'ESP32_001', 25, 157, 6, 7, 0, '2024-12-20 00:09:23'),
(3128, 'ESP32_001', 25, 158, 6, 8, 0, '2024-12-20 00:10:01'),
(3129, 'ESP32_001', 25, 159, 6, 9, 0, '2024-12-20 01:22:28'),
(3130, 'ESP32_005', 12, 10, 0, 8, 0, '2024-12-20 02:05:25'),
(3131, 'ESP32_001', 25, 161, 6, 11, 0, '2024-12-20 02:12:54'),
(3132, 'ESP32_001', 25, 162, 6, 12, 0, '2024-12-20 02:13:24'),
(3133, 'ESP32_001', 25, 163, 6, 13, 0, '2024-12-20 02:13:44'),
(3134, 'ESP32_001', 25, 164, 6, 14, 0, '2024-12-20 02:14:14'),
(3135, 'ESP32_001', 25, 166, 6, 16, 0, '2024-12-20 02:15:33'),
(3136, 'ESP32_001', 25, 168, 6, 18, 0, '2024-12-20 02:35:40'),
(3137, 'Ticket_1', NULL, 114, NULL, 0, 11, '2024-12-20 02:53:59'),
(3138, 'Ticket_1', NULL, 115, NULL, 0, 11, '2024-12-20 03:11:36'),
(3139, 'Ticket_1', NULL, 116, NULL, 0, 11, '2024-12-20 03:19:35'),
(3140, 'Ticket_1', NULL, 117, NULL, 0, 11, '2024-12-20 03:19:38'),
(3141, 'ESP32_001', 25, 169, 6, 19, 0, '2024-12-20 03:27:47'),
(3142, 'ESP32_001', 25, 170, 6, 20, 0, '2024-12-20 03:28:19'),
(3143, 'ESP32_001', 25, 171, 6, 21, 0, '2024-12-20 03:29:28'),
(3144, 'ESP32_001', 25, 172, 6, 22, 0, '2024-12-20 03:40:16'),
(3145, 'ESP32_001', 25, 173, 6, 23, 0, '2024-12-20 03:48:50'),
(3146, 'ESP32_001', 25, 173, 6, 23, 0, '2024-12-20 06:40:59'),
(3147, 'ESP32_001', 25, 173, 6, 23, 0, '2024-12-20 15:46:10'),
(3148, 'ESP32_001', 25, 174, 6, 24, 0, '2024-12-20 17:50:00'),
(3149, 'ESP32_001', 25, 175, 6, 25, 0, '2024-12-20 17:50:41'),
(3150, 'Ticket_1', NULL, 118, NULL, 0, 11, '2024-12-20 18:01:49'),
(3151, 'Ticket_1', NULL, 119, NULL, 0, 11, '2024-12-20 18:01:51'),
(3152, 'Ticket_1', NULL, 120, NULL, 0, 11, '2024-12-20 18:04:22'),
(3153, 'Ticket_1', NULL, 120, NULL, 0, 11, '2024-12-20 18:08:48'),
(3154, 'Ticket_1', NULL, 121, NULL, 0, 11, '2024-12-20 18:15:49'),
(3155, 'Ticket_1', NULL, 123, NULL, 0, 12, '2024-12-20 18:22:18'),
(3156, 'Ticket_1', NULL, 124, NULL, 0, 12, '2024-12-20 18:26:28'),
(3157, 'Ticket_1', NULL, 124, NULL, 0, 12, '2024-12-20 18:30:04'),
(3158, 'Ticket_1', NULL, 124, NULL, 0, 20, '2024-12-20 18:30:39'),
(3159, 'Ticket_1', NULL, 124, NULL, 0, 40, '2024-12-20 18:31:00'),
(3160, 'Ticket_1', NULL, 124, NULL, 0, 40, '2024-12-20 18:32:26'),
(3161, 'Ticket_1', NULL, 124, NULL, 0, 40, '2024-12-20 18:34:25'),
(3162, 'ESP32_001', 25, 176, 6, 26, 0, '2024-12-20 18:38:13'),
(3163, 'ESP32_001', 25, 177, 7, 2, 0, '2024-12-20 18:38:55'),
(3164, 'ESP32_001', 25, 178, 7, 3, 0, '2024-12-20 18:39:58'),
(3165, 'Ticket_1', NULL, 124, NULL, 0, 40, '2024-12-20 18:40:05'),
(3166, 'Ticket_1', NULL, 124, NULL, 0, 56, '2024-12-20 18:40:22'),
(3167, 'Ticket_1', NULL, 124, NULL, 0, 56, '2024-12-20 18:42:32'),
(3168, 'Ticket_1', NULL, 124, NULL, 0, 66, '2024-12-20 18:42:41'),
(3169, 'Ticket_1', NULL, 125, NULL, 0, 66, '2024-12-20 18:43:16'),
(3170, 'Ticket_1', NULL, 125, NULL, 0, 86, '2024-12-20 18:43:23'),
(3171, 'Ticket_1', NULL, 125, NULL, 0, 87, '2024-12-20 18:43:29'),
(3172, 'Ticket_1', NULL, 125, NULL, 0, 88, '2024-12-20 18:43:32'),
(3173, 'ESP32_001', 25, 179, 7, 4, 0, '2024-12-20 19:29:06'),
(3174, 'ESP32_001', 25, 180, 7, 5, 0, '2024-12-20 21:44:48'),
(3175, 'ESP32_001', 25, 181, 7, 6, 0, '2024-12-20 23:42:28'),
(3176, 'ESP32_001', 25, 182, 7, 7, 0, '2024-12-21 01:51:56'),
(3177, 'ESP32_001', 25, 183, 7, 8, 0, '2024-12-21 01:58:39'),
(3178, 'ESP32_002', 651, 651, 638, 0, 0, '2024-12-21 02:21:29'),
(3179, 'ESP32_002', 652, 652, 638, 1, 0, '2024-12-21 02:31:04'),
(3180, 'ESP32_002', 653, 653, 638, 2, 0, '2024-12-21 02:31:29'),
(3181, 'ESP32_002', 654, 654, 638, 3, 0, '2024-12-21 02:33:10'),
(3182, 'ESP32_002', 655, 655, 638, 4, 0, '2024-12-21 02:33:40'),
(3183, 'ESP32_002', 656, 656, 638, 5, 0, '2024-12-21 02:34:07'),
(3184, 'ESP32_002', 657, 657, 638, 6, 0, '2024-12-21 02:34:46'),
(3185, 'ESP32_002', 658, 658, 638, 7, 0, '2024-12-21 02:35:54'),
(3186, 'ESP32_002', 659, 659, 638, 8, 0, '2024-12-21 02:36:24'),
(3187, 'ESP32_002', 660, 660, 638, 9, 0, '2024-12-21 02:36:49'),
(3188, 'ESP32_002', 661, 661, 638, 10, 0, '2024-12-21 02:37:17'),
(3189, 'ESP32_001', 25, 184, 7, 9, 0, '2024-12-21 02:37:45'),
(3190, 'ESP32_002', 662, 662, 638, 11, 0, '2024-12-21 03:18:50'),
(3191, 'ESP32_002', 663, 663, 638, 12, 0, '2024-12-21 03:19:27'),
(3192, 'ESP32_002', 664, 664, 638, 13, 0, '2024-12-21 03:20:02'),
(3193, 'ESP32_002', 665, 665, 638, 14, 0, '2024-12-21 03:22:56'),
(3194, 'ESP32_001', 25, 185, 7, 10, 0, '2024-12-21 03:24:13'),
(3195, 'ESP32_002', 666, 666, 638, 15, 0, '2024-12-21 03:24:39'),
(3196, 'ESP32_002', 667, 667, 638, 16, 0, '2024-12-21 03:26:58'),
(3197, 'ESP32_002', 668, 668, 638, 17, 0, '2024-12-21 03:28:58'),
(3198, 'ESP32_002', 669, 669, 638, 18, 0, '2024-12-21 03:29:23'),
(3199, 'ESP32_001', 25, 186, 7, 11, 0, '2024-12-21 03:32:07'),
(3200, 'ESP32_002', 670, 670, 638, 19, 0, '2024-12-21 03:34:38'),
(3201, 'ESP32_002', 671, 671, 638, 20, 0, '2024-12-21 03:35:47'),
(3202, 'ESP32_002', 672, 672, 638, 21, 0, '2024-12-21 03:36:14'),
(3203, 'ESP32_002', 673, 673, 638, 22, 0, '2024-12-21 03:36:44'),
(3204, 'ESP32_002', 674, 674, 638, 23, 0, '2024-12-21 03:37:04'),
(3205, 'ESP32_002', 675, 675, 638, 24, 0, '2024-12-21 03:37:32'),
(3206, 'ESP32_002', 676, 676, 639, 0, 0, '2024-12-21 03:37:56'),
(3207, 'ESP32_002', 676, 676, 639, 0, 0, '2024-12-21 03:45:46'),
(3208, 'ESP32_002', 677, 677, 639, 1, 0, '2024-12-21 03:46:43'),
(3209, 'ESP32_001', 25, 187, 7, 12, 0, '2024-12-21 03:57:45'),
(3210, 'ESP32_001', 25, 188, 7, 13, 0, '2024-12-21 03:58:30'),
(3211, 'ESP32_001', 25, 188, 7, 13, 0, '2024-12-21 15:39:21'),
(3212, 'ESP32_001', 25, 189, 7, 14, 0, '2024-12-21 18:05:43'),
(3213, 'ESP32_001', 25, 190, 7, 15, 0, '2024-12-21 18:06:18'),
(3214, 'ESP32_001', 25, 191, 7, 16, 0, '2024-12-21 19:18:59'),
(3215, 'ESP32_001', 25, 192, 7, 17, 0, '2024-12-21 20:07:04'),
(3216, 'ESP32_001', 25, 193, 7, 18, 0, '2024-12-21 21:57:28'),
(3217, 'ESP32_001', 25, 194, 7, 19, 0, '2024-12-21 22:26:23'),
(3218, 'ESP32_001', 25, 195, 7, 20, 0, '2024-12-21 22:26:59'),
(3219, 'ESP32_001', 25, 196, 7, 21, 0, '2024-12-21 22:29:59'),
(3220, 'ESP32_001', 25, 196, 8, -4, 0, '2024-12-21 22:30:19'),
(3221, 'ESP32_001', 25, 197, 8, -3, 0, '2024-12-21 22:30:46'),
(3222, 'ESP32_001', 25, 198, 8, -2, 0, '2024-12-21 22:36:17'),
(3223, 'ESP32_002', 677, 677, 639, 1, 0, '2024-12-21 23:25:09'),
(3224, 'ESP32_001', 25, 199, 8, -1, 0, '2024-12-21 23:52:51'),
(3225, 'ESP32_001', 25, 200, 8, 0, 0, '2024-12-22 00:22:26'),
(3226, 'ESP32_001', 25, 201, 8, 1, 0, '2024-12-22 00:22:41'),
(3227, 'ESP32_001', 25, 202, 8, 2, 0, '2024-12-22 00:23:10'),
(3228, 'ESP32_001', 25, 203, 8, 3, 0, '2024-12-22 00:23:23'),
(3229, 'ESP32_001', 25, 204, 8, 4, 0, '2024-12-22 00:53:40'),
(3230, 'ESP32_001', 25, 205, 8, 5, 0, '2024-12-22 00:54:08'),
(3231, 'ESP32_001', 25, 206, 8, 6, 0, '2024-12-22 00:54:28'),
(3232, 'ESP32_001', 25, 208, 8, 8, 0, '2024-12-22 00:55:32'),
(3233, 'ESP32_001', 25, 209, 8, 9, 0, '2024-12-22 00:55:46'),
(3234, 'ESP32_001', 25, 210, 8, 10, 0, '2024-12-22 00:56:08'),
(3235, 'ESP32_001', 25, 211, 8, 11, 0, '2024-12-22 00:57:35'),
(3236, 'ESP32_001', 25, 212, 8, 12, 0, '2024-12-22 00:57:59'),
(3237, 'ESP32_001', 25, 213, 8, 13, 0, '2024-12-22 00:58:16'),
(3238, 'ESP32_001', 25, 214, 8, 14, 0, '2024-12-22 00:58:42'),
(3239, 'ESP32_001', 25, 215, 8, 15, 0, '2024-12-22 00:58:59'),
(3240, 'ESP32_001', 25, 216, 8, 16, 0, '2024-12-22 00:59:40'),
(3241, 'ESP32_001', 25, 217, 8, 17, 0, '2024-12-22 00:59:59'),
(3242, 'ESP32_001', 25, 218, 8, 18, 0, '2024-12-22 01:00:15'),
(3243, 'ESP32_001', 25, 219, 8, 19, 0, '2024-12-22 01:00:27'),
(3244, 'ESP32_001', 25, 220, 8, 20, 0, '2024-12-22 01:00:44'),
(3245, 'ESP32_001', 25, 221, 8, 21, 0, '2024-12-22 01:00:59'),
(3246, 'ESP32_001', 25, 222, 8, 22, 0, '2024-12-22 01:01:19'),
(3247, 'ESP32_001', 25, 223, 8, 23, 0, '2024-12-22 01:01:34'),
(3248, 'ESP32_001', 25, 224, 8, 24, 0, '2024-12-22 01:02:04'),
(3249, 'ESP32_001', 25, 225, 8, 25, 0, '2024-12-22 01:02:23'),
(3250, 'ESP32_001', 25, 226, 8, 26, 0, '2024-12-22 01:02:43'),
(3251, 'ESP32_001', 25, 227, 8, 27, 0, '2024-12-22 01:03:03'),
(3252, 'ESP32_001', 25, 228, 8, 28, 0, '2024-12-22 01:03:25'),
(3253, 'ESP32_001', 25, 229, 8, 29, 0, '2024-12-22 01:03:41'),
(3254, 'ESP32_001', 25, 230, 9, 5, 0, '2024-12-22 01:04:14'),
(3255, 'ESP32_001', 25, 231, 9, 6, 0, '2024-12-22 01:09:48'),
(3256, 'ESP32_001', 25, 232, 9, 7, 0, '2024-12-22 01:10:17'),
(3257, 'ESP32_001', 25, 233, 9, 8, 0, '2024-12-22 01:10:52'),
(3258, 'ESP32_001', 25, 234, 9, 9, 0, '2024-12-22 01:19:41'),
(3259, 'ESP32_001', 25, 235, 9, 10, 0, '2024-12-22 01:20:09'),
(3260, 'ESP32_001', 25, 236, 9, 11, 0, '2024-12-22 01:20:30'),
(3261, 'ESP32_001', 25, 237, 9, 12, 0, '2024-12-22 01:21:06'),
(3262, 'ESP32_001', 25, 238, 9, 13, 0, '2024-12-22 01:21:52'),
(3263, 'ESP32_001', 25, 239, 9, 14, 0, '2024-12-22 01:22:21'),
(3264, 'ESP32_001', 25, 240, 9, 15, 0, '2024-12-22 01:24:34'),
(3265, 'ESP32_001', 25, 241, 9, 16, 0, '2024-12-22 01:55:30'),
(3266, 'ESP32_001', 25, 242, 9, 17, 0, '2024-12-22 01:59:19'),
(3267, 'ESP32_002', 678, 678, 639, 2, 0, '2024-12-22 02:20:50'),
(3268, 'ESP32_001', 25, 244, 9, 19, 0, '2024-12-22 02:26:31'),
(3269, 'ESP32_001', 25, 246, 9, 21, 0, '2024-12-22 02:31:42'),
(3270, 'ESP32_001', 25, 247, 9, 22, 0, '2024-12-22 02:33:22'),
(3271, 'ESP32_002', 679, 679, 639, 3, 0, '2024-12-22 02:39:26'),
(3272, 'ESP32_002', 680, 680, 639, 4, 0, '2024-12-22 02:41:25'),
(3273, 'ESP32_002', 681, 681, 639, 5, 0, '2024-12-22 02:45:08'),
(3274, 'ESP32_002', 682, 682, 639, 6, 0, '2024-12-22 02:45:32'),
(3275, 'ESP32_001', 25, 248, 9, 23, 0, '2024-12-22 02:49:51'),
(3276, 'ESP32_001', 25, 249, 9, 24, 0, '2024-12-22 03:07:19'),
(3277, 'ESP32_001', 25, 250, 9, 25, 0, '2024-12-22 03:10:45'),
(3278, 'ESP32_001', 25, 251, 9, 26, 0, '2024-12-22 03:17:14'),
(3279, 'ESP32_001', 25, 252, 9, 27, 0, '2024-12-22 03:18:10'),
(3280, 'ESP32_001', 25, 253, 9, 28, 0, '2024-12-22 03:29:55'),
(3281, 'ESP32_001', 25, 254, 9, 29, 0, '2024-12-22 03:30:30'),
(3282, 'ESP32_001', 25, 255, 10, 5, 0, '2024-12-22 03:31:07'),
(3283, 'ESP32_001', 25, 256, 10, 6, 0, '2024-12-22 03:34:24'),
(3284, 'ESP32_001', 25, 257, 10, 7, 0, '2024-12-22 03:36:58'),
(3285, 'ESP32_001', 25, 258, 10, 8, 0, '2024-12-22 03:47:26'),
(3286, 'ESP32_002', 683, 683, 639, 7, 0, '2024-12-22 05:36:03'),
(3287, 'ESP32_001', 25, 259, 10, 9, 0, '2024-12-22 05:36:29'),
(3288, 'ESP32_002', 684, 684, 639, 8, 0, '2024-12-22 05:36:57'),
(3289, 'ESP32_001', 25, 260, 10, 10, 0, '2024-12-22 05:37:56'),
(3290, 'ESP32_001', 25, 261, 10, 11, 0, '2024-12-22 05:39:11'),
(3291, 'ESP32_002', 685, 685, 639, 9, 0, '2024-12-22 06:52:49'),
(3292, 'ESP32_001', 25, 261, 10, 11, 0, '2024-12-22 19:20:42'),
(3293, 'ESP32_005', 12, 10, 0, 8, 0, '2024-12-22 22:02:02'),
(3294, 'ESP32_001', 25, 262, 10, 12, 0, '2024-12-23 00:03:39'),
(3295, 'ESP32_002', 685, 685, 639, 9, 0, '2024-12-23 00:22:06'),
(3296, 'ESP32_001', 25, 263, 10, 13, 0, '2024-12-23 00:26:35'),
(3297, 'ESP32_001', 25, 264, 10, 14, 0, '2024-12-23 01:10:04'),
(3298, 'ESP32_001', 25, 265, 10, 15, 0, '2024-12-23 01:11:24'),
(3299, 'ESP32_001', 25, 266, 10, 16, 0, '2024-12-23 02:29:21'),
(3300, 'ESP32_001', 25, 267, 10, 17, 0, '2024-12-23 02:37:10'),
(3301, 'ESP32_001', 25, 268, 10, 18, 0, '2024-12-23 02:38:03'),
(3302, 'ESP32_001', 25, 269, 10, 19, 0, '2024-12-23 03:05:11'),
(3303, 'ESP32_001', 25, 270, 10, 20, 0, '2024-12-23 03:05:54'),
(3304, 'ESP32_001', 25, 271, 10, 21, 0, '2024-12-23 03:14:35'),
(3305, 'ESP32_001', 25, 272, 10, 22, 0, '2024-12-23 03:14:55'),
(3306, 'ESP32_001', 25, 273, 10, 23, 0, '2024-12-23 03:15:19'),
(3307, 'ESP32_001', 25, 274, 10, 24, 0, '2024-12-23 03:21:18'),
(3308, 'ESP32_001', 25, 275, 11, 0, 0, '2024-12-23 03:22:33'),
(3309, 'ESP32_001', 25, 276, 11, 1, 0, '2024-12-23 03:25:33'),
(3310, 'ESP32_001', 25, 277, 11, 2, 0, '2024-12-23 03:25:55'),
(3311, 'ESP32_001', 25, 278, 11, 3, 0, '2024-12-23 03:26:26'),
(3312, 'ESP32_001', 25, 279, 11, 4, 0, '2024-12-23 03:30:36'),
(3313, 'ESP32_001', 25, 280, 11, 5, 0, '2024-12-23 03:31:02'),
(3314, 'ESP32_001', 25, 281, 11, 6, 0, '2024-12-23 03:31:41'),
(3315, 'ESP32_001', 25, 282, 11, 7, 0, '2024-12-23 03:32:03'),
(3316, 'ESP32_001', 25, 283, 11, 8, 0, '2024-12-23 03:32:26'),
(3317, 'ESP32_001', 25, 284, 11, 9, 0, '2024-12-23 03:32:52'),
(3318, 'ESP32_001', 25, 285, 11, 10, 0, '2024-12-23 03:33:14');
INSERT INTO `datos` (`id`, `device_id`, `dato1`, `dato2`, `dato3`, `dato4`, `dato5`, `timestamp`) VALUES
(3319, 'ESP32_001', 25, 286, 11, 11, 0, '2024-12-23 03:37:53'),
(3320, 'ESP32_001', 25, 287, 11, 12, 0, '2024-12-23 03:38:16'),
(3321, 'ESP32_001', 25, 288, 11, 13, 0, '2024-12-23 03:38:45'),
(3322, 'ESP32_001', 25, 289, 11, 14, 0, '2024-12-23 03:39:31'),
(3323, 'ESP32_001', 25, 290, 11, 15, 0, '2024-12-23 03:42:26'),
(3324, 'ESP32_001', 25, 290, 11, 15, 0, '2024-12-23 03:43:47'),
(3325, 'ESP32_001', 25, 291, 11, 16, 0, '2024-12-23 03:45:34'),
(3326, 'ESP32_001', 25, 292, 11, 17, 0, '2024-12-23 04:10:25'),
(3327, 'ESP32_002', 686, 686, 639, 10, 0, '2024-12-23 04:59:29'),
(3328, 'ESP32_002', 687, 687, 639, 11, 0, '2024-12-23 04:59:55'),
(3329, 'ESP32_002', 688, 688, 639, 12, 0, '2024-12-23 05:01:50'),
(3330, 'ESP32_002', 689, 689, 639, 13, 0, '2024-12-23 05:03:50'),
(3331, 'ESP32_001', 25, 293, 11, 18, 0, '2024-12-23 05:30:17'),
(3332, 'ESP32_001', 25, 293, 11, 18, 0, '2024-12-23 15:41:53'),
(3333, 'ESP32_001', 25, 294, 11, 19, 0, '2024-12-23 18:48:19'),
(3334, 'ESP32_001', 19, 19, 16, 5, 0, '2024-10-27 04:32:59'),
(3335, 'ESP32_001', 20, 20, 16, 6, 0, '2024-10-27 04:34:18'),
(3336, 'ESP32_001', 25, 338, 13, 13, 0, '2024-12-26 03:09:52'),
(3337, 'ESP32_001', 25, 339, 13, 14, 0, '2024-12-26 03:10:19'),
(3338, 'ESP32_001', 25, 340, 13, 15, 0, '2024-12-26 03:10:50'),
(3339, 'ESP32_001', 25, 341, 13, 16, 0, '2024-12-26 03:11:12'),
(3340, 'ESP32_001', 25, 342, 13, 17, 0, '2024-12-26 03:11:39'),
(3341, 'ESP32_001', 25, 343, 13, 18, 0, '2024-12-26 03:12:01'),
(3342, 'ESP32_001', 25, 344, 13, 19, 0, '2024-12-26 03:12:26'),
(3343, 'ESP32_001', 25, 345, 13, 20, 0, '2024-12-26 03:12:51'),
(3344, 'ESP32_001', 25, 346, 13, 21, 0, '2024-12-26 03:13:16'),
(3345, 'ESP32_001', 25, 347, 13, 22, 0, '2024-12-26 03:13:41'),
(3346, 'ESP32_001', 25, 348, 13, 23, 0, '2024-12-26 03:14:07'),
(3347, 'ESP32_001', 25, 349, 13, 24, 0, '2024-12-26 03:16:09'),
(3348, 'ESP32_001', 25, 350, 13, 25, 0, '2024-12-26 03:27:18'),
(3349, 'ESP32_001', 25, 351, 13, 26, 0, '2024-12-26 03:51:15'),
(3350, 'ESP32_001', 25, 352, 13, 27, 0, '2024-12-26 03:54:42'),
(3351, 'ESP32_001', 25, 353, 13, 28, 0, '2024-12-26 03:55:54'),
(3352, 'ESP32_001', 25, 354, 13, 29, 0, '2024-12-26 18:09:23'),
(3353, 'ESP32_001', 25, 355, 13, 30, 0, '2024-12-26 18:13:18'),
(3354, 'ESP32_001', 25, 356, 13, 31, 0, '2024-12-26 23:55:41'),
(3355, 'ESP32_001', 25, 357, 13, 32, 0, '2024-12-27 00:03:45'),
(3356, 'ESP32_001', 25, 358, 13, 33, 0, '2024-12-27 00:06:22'),
(3357, 'ESP32_001', 25, 359, 13, 34, 0, '2024-12-27 00:20:39'),
(3358, 'ESP32_001', 25, 360, 13, 35, 0, '2024-12-27 00:26:41'),
(3359, 'ESP32_001', 25, 361, 13, 36, 0, '2024-12-27 01:27:53'),
(3360, 'ESP32_002', 692, 692, 639, 16, 0, '2024-12-27 01:50:11'),
(3361, 'ESP32_001', 25, 362, 13, 37, 0, '2024-12-27 02:01:30'),
(3362, 'ESP32_001', 25, 363, 14, 13, 0, '2024-12-27 02:09:56'),
(3363, 'ESP32_001', 25, 364, 14, 14, 0, '2024-12-27 02:18:30'),
(3364, 'ESP32_001', 25, 365, 14, 15, 0, '2024-12-27 02:32:10'),
(3365, 'ESP32_001', 25, 366, 14, 16, 0, '2024-12-27 02:36:15'),
(3366, 'ESP32_001', 25, 367, 14, 17, 0, '2024-12-27 02:45:18'),
(3368, 'ESP32_002', 693, 693, 639, 17, 0, '2024-12-27 03:11:03'),
(3369, 'ESP32_001', 25, 369, 14, 19, 0, '2024-12-27 03:25:47'),
(3370, 'ESP32_001', 25, 370, 14, 20, 0, '2024-12-27 03:26:52'),
(3371, 'ESP32_001', 25, 370, 14, 20, 0, '2024-12-27 16:02:27'),
(3372, 'ESP32_001', 25, 371, 14, 21, 0, '2024-12-27 18:34:55'),
(3373, 'ESP32_001', 25, 372, 14, 22, 0, '2024-12-27 18:35:20'),
(3374, 'ESP32_001', 25, 373, 14, 23, 0, '2024-12-27 18:40:21'),
(3375, 'ESP32_001', 25, 374, 14, 24, 0, '2024-12-28 01:33:57'),
(3376, 'ESP32_001', 25, 375, 14, 25, 0, '2024-12-28 01:55:11'),
(3377, 'ESP32_001', 25, 376, 14, 26, 0, '2024-12-28 02:06:29'),
(3378, 'EXPENDEDORA_1', 57, 25200, 0, 0, 0, '2025-03-15 23:59:33'),
(3379, 'EXPENDEDORA_1', 62, 27200, 0, 0, 0, '2025-03-16 00:01:42'),
(3380, 'EXPENDEDORA_1', 63, 27800, 0, 0, 0, '2025-03-16 00:02:50'),
(3381, 'EXPENDEDORA_1', 68, 33800, 0, 0, 0, '2025-03-28 22:00:22'),
(3382, 'EXPENDEDORA_1', 69, 35000, 0, 0, 0, '2025-03-29 22:37:44'),
(3383, 'EXPENDEDORA_1', 74, 37000, 0, 0, 0, '2025-03-29 22:38:00'),
(3384, 'EXPENDEDORA_1', 79, 39000, 0, 0, 0, '2025-03-29 23:21:53'),
(3385, 'EXPENDEDORA_1', 84, 41000, 0, 0, 0, '2025-03-29 23:24:04'),
(3386, 'EXPENDEDORA_1', 89, 43000, 0, 0, 0, '2025-04-01 15:28:11'),
(3387, 'EXPENDEDORA_1', 99, 47000, 0, 0, 0, '2025-04-15 14:14:35');

-- --------------------------------------------------------

--
-- Estructura de tabla para la tabla `devices`
--

CREATE TABLE `devices` (
  `device_id` varchar(50) NOT NULL,
  `last_heartbeat` timestamp NULL DEFAULT CURRENT_TIMESTAMP ON UPDATE CURRENT_TIMESTAMP
) ENGINE=InnoDB DEFAULT CHARSET=utf8mb4 COLLATE=utf8mb4_0900_ai_ci;

--
-- Volcado de datos para la tabla `devices`
--

INSERT INTO `devices` (`device_id`) VALUES
('ESP32_001'),
('ESP32_002'),
('EXPENDEDORA_1'),
('Videojuego_1');

-- --------------------------------------------------------

--
-- Estructura de tabla para la tabla `employees`
--

CREATE TABLE `employees` (
  `nombre` varchar(255) NOT NULL,
  `contrasena` varchar(255) NOT NULL
) ENGINE=InnoDB DEFAULT CHARSET=utf8mb4 COLLATE=utf8mb4_0900_ai_ci;

--
-- Volcado de datos para la tabla `employees`
--

INSERT INTO `employees` (`nombre`, `contrasena`) VALUES
('admin', 'admin');

-- --------------------------------------------------------

--
-- Estructura de tabla para la tabla `subcierres_expendedoras`
--

CREATE TABLE `subcierres_expendedoras` (
  `id` int(11) NOT NULL,
  `cierre_expendedora_id` varchar(50) NOT NULL,
  `partial_fichas` int(11) DEFAULT NULL,
  `partial_dinero` int(11) DEFAULT NULL,
  `partial_p1` int(11) DEFAULT NULL,
  `partial_p2` int(11) DEFAULT NULL,
  `partial_p3` int(11) DEFAULT NULL,
  `employee_id` varchar(255) DEFAULT NULL,
  `created_at` datetime DEFAULT CURRENT_TIMESTAMP,
  `updated_at` datetime DEFAULT CURRENT_TIMESTAMP ON UPDATE CURRENT_TIMESTAMP
) ENGINE=InnoDB DEFAULT CHARSET=utf8mb4 COLLATE=utf8mb4_0900_ai_ci;

--
-- Volcado de datos para la tabla `subcierres_expendedoras`
--

INSERT INTO `subcierres_expendedoras` (`id`, `cierre_expendedora_id`, `partial_fichas`, `partial_dinero`, `partial_p1`, `partial_p2`, `partial_p3`, `employee_id`, `created_at`) VALUES
(1, 'EXPENDEDORA_1', 0, 0, 0, 0, 0, '1', '2025-04-02 20:23:26'),
(2, 'EXPENDEDORA_1', 0, 0, 0, 0, 0, '1', '2025-04-02 21:05:03'),
(3, 'EXPENDEDORA_1', 0, 0, 0, 0, 0, '0', '2025-04-02 21:26:04'),
(4, 'EXPENDEDORA_1', 0, 0, 0, 0, 0, 'admin', '2025-04-02 21:28:22'),
(5, 'EXPENDEDORA_1', 0, 0, 0, 0, 0, 'admin', '2025-04-14 15:38:25'),
(6, 'EXPENDEDORA_1', 5, 2000, 1, 0, 0, 'admin', '2025-04-15 14:35:14'),
(7, 'EXPENDEDORA_1', 0, 0, 0, 0, 0, 'admin', '2025-04-18 00:36:26'),
(8, 'EXPENDEDORA_1', 0, 0, 0, 0, 0, 'admin', '2025-04-18 00:41:25'),
(9, 'EXPENDEDORA_1', 0, 0, 0, 0, 0, 'username', '2025-04-18 00:43:14'),
(10, 'EXPENDEDORA_1', 0, 0, 0, 0, 0, 'admin', '2025-04-18 00:47:23'),
(11, 'EXPENDEDORA_1', 0, 0, 0, 0, 0, 'username', '2025-04-18 00:50:13'),
(12, 'EXPENDEDORA_1', 0, 0, 0, 0, 0, 'admin', '2025-04-18 00:50:35'),
(13, 'EXPENDEDORA_1', 0, 0, 0, 0, 0, 'admin', '2025-04-18 00:51:14'),
(14, 'EXPENDEDORA_1', 0, 0, 0, 0, 0, 'admin', '2025-04-18 00:52:29'),
(15, 'EXPENDEDORA_1', 0, 0, 0, 0, 0, 'admin', '2025-04-18 00:53:18'),
(16, 'EXPENDEDORA_1', 0, 0, 0, 0, 0, 'admin', '2025-04-18 00:58:54'),
(17, 'EXPENDEDORA_1', 0, 0, 0, 0, 0, 'admin', '2025-04-18 01:01:15'),
(18, 'EXPENDEDORA_1', 0, 0, 0, 0, 0, 'admin', '2025-04-18 01:04:13'),
(19, 'EXPENDEDORA_1', 0, 0, 0, 0, 0, 'admin', '2025-04-18 22:22:25'),
(20, 'EXPENDEDORA_1', 0, 0, 0, 0, 0, 'admin', '2025-04-18 22:27:29'),
(21, 'EXPENDEDORA_1', 0, 0, 0, 0, 0, 'admin', '2025-04-18 22:39:54');

--
-- Índices para tablas volcadas
--

--
-- Indices de la tabla `cierres_expendedoras`
--
ALTER TABLE `cierres_expendedoras`
  ADD PRIMARY KEY (`id_expendedora`,`timestamp`);

--
-- Indices de la tabla `daily_closes`
--
ALTER TABLE `daily_closes`
  ADD PRIMARY KEY (`id`);

--
-- Indices de la tabla `datos`
--
ALTER TABLE `datos`
  ADD PRIMARY KEY (`id`);

--
-- Indices de la tabla `devices`
--
ALTER TABLE `devices`
  ADD PRIMARY KEY (`device_id`);

--
-- Indices de la tabla `employees`
--
ALTER TABLE `employees`
  ADD PRIMARY KEY (`nombre`);

--
-- Indices de la tabla `subcierres_expendedoras`
--
ALTER TABLE `subcierres_expendedoras`
  ADD PRIMARY KEY (`id`),
  ADD KEY `cierre_expendedora_id` (`cierre_expendedora_id`);

--
-- AUTO_INCREMENT de las tablas volcadas
--

--
-- AUTO_INCREMENT de la tabla `daily_closes`
--
ALTER TABLE `daily_closes`
  MODIFY `id` int(11) NOT NULL AUTO_INCREMENT;

--
-- AUTO_INCREMENT de la tabla `datos`
--
ALTER TABLE `datos`
  MODIFY `id` int(11) NOT NULL AUTO_INCREMENT, AUTO_INCREMENT=3388;

--
-- AUTO_INCREMENT de la tabla `subcierres_expendedoras`
--
ALTER TABLE `subcierres_expendedoras`
  MODIFY `id` int(11) NOT NULL AUTO_INCREMENT, AUTO_INCREMENT=22;

--
-- Restricciones para tablas volcadas
--

--
-- Filtros para la tabla `subcierres_expendedoras`
--
ALTER TABLE `subcierres_expendedoras`
  ADD CONSTRAINT `subcierres_expendedoras_ibfk_1` FOREIGN KEY (`cierre_expendedora_id`) REFERENCES `cierres_expendedoras` (`id_expendedora`);
COMMIT;

/*!40101 SET CHARACTER_SET_CLIENT=@OLD_CHARACTER_SET_CLIENT */;
/*!40101 SET CHARACTER_SET_RESULTS=@OLD_CHARACTER_SET_RESULTS */;
/*!40101 SET COLLATION_CONNECTION=@OLD_COLLATION_CONNECTION */;
